"wl","nr","Kab","Kca","Ks","Kw","Kdm","KcaV","KcaZ","Kant","Kp","Kcbc","phi","phiI","phiII"
400,1.5135,0.0648815,0.16734,0.527,5.8e-05,110,0.16734,0.16734,0.0666747,0,127.93,0,0,0
401,1.5131,0.0667318,0.167607,0.526,5.85e-05,104,0.167607,0.167607,0.0640556,0,120.933,0,0,0
402,1.5126,0.0685513,0.167184,0.525,5.9e-05,98,0.167184,0.167184,0.0619332,0,114.263,0,0,0
403,1.5121,0.0699821,0.167207,0.524,5.99e-05,92.4,0.167207,0.167207,0.0599215,0,107.802,0,0,0
404,1.5116,0.0709,0.167613,0.523,6.1e-05,87.1,0.167613,0.167613,0.058277,0,101.609,0,0,0
405,1.5111,0.0713334,0.167596,0.522,6.2e-05,82.3,0.167596,0.167596,0.0566994,0,95.9885,0,0,0
406,1.5105,0.0713202,0.167513,0.521,6.3e-05,78.1,0.167513,0.167513,0.0553657,0,91.0322,0,0,0
407,1.51,0.0712604,0.167426,0.52,6.4e-05,74,0.167426,0.167426,0.0541628,0,86.3441,0,0,0
408,1.5095,0.0712231,0.167239,0.519,6.5e-05,70.1,0.167239,0.167239,0.0531158,0,81.7844,0,0,0
409,1.5089,0.071228,0.166682,0.518,6.6e-05,66.5,0.166682,0.166682,0.0519797,0,77.5978,0,0,0
410,1.5084,0.0714914,0.165882,0.517,6.7e-05,63,0.165882,0.165882,0.0509515,0,73.4695,0,0,0
411,1.5078,0.0718877,0.165517,0.516,6.79e-05,59.5,0.165517,0.165517,0.0501165,0,69.4345,0,0,0
412,1.5073,0.0720185,0.165446,0.515,6.9e-05,56.2,0.165446,0.165446,0.0493873,0,65.4928,0,0,0
413,1.5068,0.0718268,0.165689,0.514,7.05e-05,53,0.165689,0.165689,0.0486038,0,61.8077,0,0,0
414,1.5062,0.0714934,0.166088,0.513,7.2e-05,50,0.166088,0.166088,0.0478761,0,58.3208,0,0,0
415,1.5057,0.0711319,0.166189,0.512,7.31e-05,47.2,0.166189,0.166189,0.0473795,0,55.0788,0,0,0
416,1.5052,0.0707629,0.166288,0.511,7.4e-05,44.6,0.166288,0.166288,0.0468987,0,52.0467,0,0,0
417,1.5047,0.0704367,0.166456,0.51,7.49e-05,42.2,0.166456,0.166456,0.0465315,0,49.2129,0,0,0
418,1.5043,0.070094,0.166622,0.509,7.6e-05,40,0.166622,0.166622,0.0461572,0,46.6006,0,0,0
419,1.5038,0.0698404,0.166873,0.508,7.74e-05,37.8,0.166873,0.166873,0.0457923,0,44.0817,0,0,0
420,1.5034,0.0698193,0.167164,0.507,7.9e-05,35.7,0.167164,0.167164,0.0454286,0,41.5977,0,0,0
421,1.503,0.0700539,0.167544,0.506,8.06e-05,33.6,0.167544,0.167544,0.0451439,0,39.2071,0,0,0
422,1.5026,0.0702815,0.16798,0.505,8.2e-05,31.7,0.16798,0.16798,0.0448451,0,36.968,0,0,0
423,1.5023,0.070503,0.168439,0.504,8.3e-05,29.9,0.168439,0.168439,0.0445356,0,34.9038,0,0,0
424,1.502,0.0704727,0.168599,0.503,8.4e-05,28.3,0.168599,0.168599,0.0442495,0,33.0263,0,0,0
425,1.5016,0.0705277,0.168474,0.502,8.55e-05,26.8,0.168474,0.168474,0.0441159,0,31.242,0,0,0
426,1.5013,0.0708095,0.168142,0.501,8.7e-05,25.4,0.168142,0.168142,0.0439576,0,29.5627,0,0,0
427,1.5011,0.0713124,0.168,0.5,8.8e-05,24,0.168,0.168,0.043874,0,28.0117,0,0,0
428,1.5008,0.0716223,0.167725,0.499,8.9e-05,22.8,0.167725,0.167725,0.0438046,0,26.5423,0,0,0
429,1.5005,0.0719053,0.167413,0.498,9.05e-05,21.5,0.167413,0.167413,0.0438581,0,25.0729,0,0,0
430,1.5003,0.0724491,0.167551,0.497,9.2e-05,20.2,0.167551,0.167551,0.0438612,0,23.6035,0,0,0
431,1.5,0.0730907,0.167744,0.496,9.3e-05,19,0.167744,0.167744,0.0439124,0,22.1691,0,0,0
432,1.4998,0.0736521,0.167905,0.495,9.4e-05,17.9,0.167905,0.167905,0.0439588,0,20.8164,0,0,0
433,1.4995,0.074047,0.167971,0.494,9.55e-05,16.8,0.167971,0.167971,0.0440366,0,19.5452,0,0,0
434,1.4993,0.0743349,0.167937,0.492,9.7e-05,15.8,0.167937,0.167937,0.0441105,0,18.3674,0,0,0
435,1.4991,0.0745425,0.167973,0.491,9.8e-05,14.8,0.167973,0.167973,0.0442029,0,17.2712,0,0,0
436,1.4988,0.0746911,0.168177,0.49,9.9e-05,13.9,0.168177,0.168177,0.0442768,0,16.2333,0,0,0
437,1.4986,0.0746534,0.168322,0.489,0.000101,13.1,0.168322,0.168322,0.0443989,0,15.3003,0,0,0
438,1.4984,0.0745703,0.168695,0.488,0.000102,12.3,0.168695,0.168695,0.0445095,0,14.379,0,0,0
439,1.4981,0.0742853,0.169163,0.486,0.000103,11.6,0.169163,0.169163,0.0446471,0,13.5394,0,0,0
440,1.4979,0.0737942,0.169569,0.485,0.000104,11,0.169569,0.169569,0.0447865,0,12.7814,0,0,0
441,1.4977,0.072818,0.169678,0.484,0.000105,10.4,0.169678,0.169678,0.0449193,0,12.14,0,0,0
442,1.4974,0.0716223,0.169631,0.483,0.000106,9.92,0.169631,0.169631,0.0450615,0,11.5732,0,0,0
443,1.4972,0.0704587,0.1699,0.482,0.000107,9.41,0.1699,0.1699,0.0452269,0,10.9738,0,0,0
444,1.4969,0.0691047,0.169905,0.481,0.000108,8.95,0.169905,0.169905,0.0454154,0,10.4338,0,0,0
445,1.4967,0.0675675,0.169815,0.479,0.000109,8.51,0.169815,0.169815,0.0455895,0,9.92188,0,0,0
446,1.4965,0.0660264,0.16977,0.478,0.00011,8.09,0.16977,0.16977,0.0457528,0,9.43092,0,0,0
447,1.4962,0.0644919,0.16973,0.477,0.000111,7.64,0.16973,0.16973,0.045857,0,8.90963,0,0,0
448,1.496,0.0626681,0.169345,0.476,0.000112,7.27,0.169345,0.169345,0.045994,0,8.47581,0,0,0
449,1.4958,0.0607546,0.168568,0.475,0.000113,6.94,0.168568,0.168568,0.0461954,0,8.09214,0,0,0
450,1.4955,0.0587747,0.167441,0.473,0.000114,6.66,0.167441,0.167441,0.0464136,0,7.76677,0,0,0
451,1.4953,0.0567782,0.166023,0.472,0.000115,6.42,0.166023,0.166023,0.0466797,0,7.48922,0,0,0
452,1.4951,0.0547324,0.164464,0.471,0.000116,6.22,0.164464,0.164464,0.046953,0,7.25599,0,0,0
453,1.4949,0.0528441,0.162899,0.47,0.000117,6.01,0.162899,0.162899,0.0471624,0,7.00876,0,0,0
454,1.4947,0.0511254,0.161362,0.468,0.000118,5.78,0.161362,0.161362,0.04736,0,6.74287,0,0,0
455,1.4945,0.0495729,0.15978,0.467,0.000119,5.57,0.15978,0.15978,0.0475935,0,6.49913,0,0,0
456,1.4944,0.048139,0.158224,0.466,0.00012,5.37,0.158224,0.158224,0.0478138,0,6.2624,0,0,0
457,1.4942,0.0468009,0.156555,0.465,0.000121,5.17,0.156555,0.156555,0.0480817,0,6.03266,0,0,0
458,1.494,0.0456455,0.154969,0.463,0.000122,4.95,0.154969,0.154969,0.0483353,0,5.76794,0,0,0
459,1.4939,0.0446906,0.153299,0.462,0.000123,4.76,0.153299,0.153299,0.0485953,0,5.55219,0,0,0
460,1.4937,0.0438733,0.151672,0.461,0.000124,4.58,0.151672,0.151672,0.0488393,0,5.33528,0,0,0
461,1.4935,0.0431621,0.149969,0.46,0.000125,4.42,0.149969,0.149969,0.0491231,0,5.15336,0,0,0
462,1.4934,0.0426533,0.148319,0.459,0.000126,4.26,0.148319,0.148319,0.0493705,0,4.96677,0,0,0
463,1.4932,0.0422062,0.146765,0.458,0.000127,4.12,0.146765,0.146765,0.0496082,0,4.80117,0,0,0
464,1.4931,0.0417743,0.145076,0.457,0.000128,4.01,0.145076,0.145076,0.0498409,0,4.67173,0,0,0
465,1.4929,0.0412972,0.143493,0.456,0.000129,3.95,0.143493,0.143493,0.050136,0,4.60059,0,0,0
466,1.4928,0.0409113,0.142004,0.455,0.00013,3.85,0.142004,0.142004,0.0504203,0,4.4933,0,0,0
467,1.4927,0.0405705,0.14055,0.454,0.000132,3.78,0.14055,0.14055,0.0507836,0,4.41283,0,0,0
468,1.4925,0.0403017,0.139191,0.453,0.000133,3.67,0.139191,0.139191,0.0511498,0,4.28106,0,0,0
469,1.4924,0.0400089,0.138023,0.452,0.000134,3.55,0.138023,0.138023,0.0515566,0,4.14461,0,0,0
470,1.4923,0.0397273,0.137008,0.45,0.000135,3.46,0.137008,0.137008,0.0519406,0,4.03732,0,0,0
471,1.4921,0.0395205,0.136145,0.449,0.000136,3.36,0.136145,0.136145,0.0523872,0,3.92187,0,0,0
472,1.492,0.039292,0.13548,0.448,0.000138,3.28,0.13548,0.13548,0.0528197,0,3.82741,0,0,0
473,1.4919,0.0390352,0.134998,0.447,0.00014,3.18,0.134998,0.134998,0.0534087,0,3.71312,0,0,0
474,1.4917,0.0387726,0.134639,0.446,0.000141,3.1,0.134639,0.134639,0.0539897,0,3.6175,0,0,0
475,1.4916,0.0385228,0.134366,0.445,0.000142,3.05,0.134366,0.134366,0.0544621,0,3.55802,0,0,0
476,1.4915,0.0382599,0.134169,0.444,0.000144,2.98,0.134169,0.134169,0.0549398,0,3.47872,0,0,0
477,1.4914,0.0378812,0.133937,0.443,0.000146,2.95,0.133937,0.133937,0.055543,0,3.43674,0,0,0
478,1.4912,0.03751,0.133745,0.442,0.000148,2.91,0.133745,0.133745,0.0561548,0,3.39709,0,0,0
479,1.4911,0.0371492,0.133557,0.441,0.00015,2.87,0.133557,0.133557,0.0566378,0,3.34578,0,0,0
480,1.491,0.0367757,0.133271,0.44,0.000152,2.8,0.133271,0.133271,0.0571515,0,3.26881,0,0,0
481,1.4908,0.0363,0.132787,0.439,0.000154,2.78,0.132787,0.132787,0.0576893,0,3.23849,0,0,0
482,1.4907,0.0357606,0.132173,0.438,0.000157,2.75,0.132173,0.132173,0.0582652,0,3.20817,0,0,0
483,1.4906,0.03521,0.131409,0.436,0.00016,2.73,0.131409,0.131409,0.058847,0,3.17901,0,0,0
484,1.4904,0.0345829,0.130422,0.435,0.000162,2.7,0.130422,0.130422,0.0594778,0,3.15102,0,0,0
485,1.4903,0.0339091,0.129222,0.434,0.000164,2.68,0.129222,0.129222,0.0600537,0,3.1242,0,0,0
486,1.4902,0.0331842,0.127818,0.432,0.000167,2.66,0.127818,0.127818,0.0606698,0,3.09738,0,0,0
487,1.49,0.0323774,0.126314,0.431,0.00017,2.63,0.126314,0.126314,0.061221,0,3.07172,0,0,0
488,1.4899,0.0315189,0.124566,0.43,0.000174,2.61,0.124566,0.124566,0.0618094,0,3.04723,0,0,0
489,1.4897,0.0305842,0.122692,0.429,0.000178,2.59,0.122692,0.122692,0.0623585,0,3.02391,0,0,0
490,1.4896,0.0296622,0.120655,0.427,0.000181,2.57,0.120655,0.120655,0.0629224,0,3.00059,0,0,0
491,1.4894,0.0286992,0.118603,0.426,0.000185,2.55,0.118603,0.118603,0.0634338,0,2.97843,0,0,0
492,1.4893,0.0276921,0.11652,0.425,0.000189,2.54,0.11652,0.11652,0.0639703,0,2.95744,0,0,0
493,1.4891,0.0266404,0.11441,0.423,0.000193,2.52,0.11441,0.11441,0.0644618,0,2.93761,0,0,0
494,1.489,0.0255901,0.112274,0.422,0.000198,2.5,0.112274,0.112274,0.0649644,0,2.91779,0,0,0
495,1.4888,0.0245165,0.110113,0.421,0.000203,2.49,0.110113,0.110113,0.0654305,0,2.89913,0,0,0
496,1.4887,0.0234283,0.10793,0.42,0.000209,2.47,0.10793,0.10793,0.0659096,0,2.88164,0,0,0
497,1.4885,0.0223279,0.105726,0.418,0.000216,2.46,0.105726,0.105726,0.0663776,0,2.86531,0,0,0
498,1.4883,0.0212239,0.103502,0.417,0.000223,2.44,0.103502,0.103502,0.0668519,0,2.84898,0,0,0
499,1.4882,0.0201366,0.101261,0.416,0.00023,2.43,0.101261,0.101261,0.0673086,0,2.83382,0,0,0
500,1.488,0.0190485,0.0990044,0.414,0.000238,2.42,0.0990044,0.0990044,0.0677709,0,2.81866,0,0,0
501,1.4878,0.0179798,0.0967335,0.414,0.000246,2.41,0.0967335,0.0967335,0.0681326,0,2.80467,0,0,0
502,1.4876,0.0169429,0.0944502,0.413,0.000255,2.39,0.0944502,0.0944502,0.0684792,0,2.79184,0,0,0
503,1.4874,0.0159234,0.0921564,0.412,0.000264,2.38,0.0921564,0.0921564,0.0688146,0,2.78018,0,0,0
504,1.4873,0.0149343,0.0898512333333333,0.411,0.000273,2.37,0.0898512333333333,0.0898536,0.0691402,0,2.76852,0,0,0
505,1.4871,0.0139785,0.0875295880951906,0.41,0.000282,2.37,0.0875295880951906,0.0875437,0.0693615,0,2.75802,0,0,0
506,1.4869,0.0130497,0.0852126468253177,0.409,0.000291,2.36,0.0852126468253177,0.0852284,0.069563,0,2.74753,0,0,0
507,1.4867,0.0121542,0.082748304209675,0.408,3e-04,2.35,0.082748304209675,0.0829094,0.069828,0,2.7382,0,0,0
508,1.4864,0.0112959,0.0801506721530722,0.407,0.00031,2.34,0.0801506721530722,0.0805884,0.0700735,0,2.73003,0,0,0
509,1.4862,0.01048,0.0776933621097765,0.407,0.000319,2.33,0.0776933621097765,0.0782671,0.0702792,0,2.72187,0,0,0
510,1.486,0.00970081,0.0752360520664809,0.406,0.000329,2.33,0.0752360520664809,0.0759473,0.0704719,0,2.71487,0,0,0
511,1.4858,0.00895396,0.072871214649328,0.405,0.000339,2.32,0.072871214649328,0.0736308,0.0706789,0,2.70904,0,0,0
512,1.4856,0.0082461,0.0705063772321751,0.404,0.000349,2.32,0.0705063772321751,0.0713191,0.0708719,0,2.70321,0,0,0
513,1.4853,0.00758,0.0679194256642078,0.403,0.000359,2.31,0.0679194256642078,0.0690141,0.0710254,0,2.69855,0,0,0
514,1.4851,0.00695743,0.0653324740962406,0.402,0.000368,2.31,0.0653324740962406,0.0667175,0.0711652,0,2.69388,0,0,0
515,1.4848,0.00638669,0.0629116638534106,0.401,0.000377,2.31,0.0629116638534106,0.064431,0.0712852,0,2.69038,0,0,0
516,1.4846,0.00586805,0.0604908536105805,0.4,0.000386,2.3,0.0604908536105805,0.0621564,0.0713896,0,2.68688,0,0,0
517,1.4843,0.00540153,0.0580361056039151,0.399,0.000396,2.3,0.0580361056039151,0.0598953,0.0714865,0,2.68455,0,0,0
518,1.4841,0.00499129,0.0555813575972497,0.398,0.000404,2.3,0.0555813575972497,0.0576495,0.0715735,0,2.68339,0,0,0
519,1.4838,0.00463493,0.0531177982963102,0.397,0.000407,2.3,0.0531177982963102,0.0554207,0.0716303,0,2.68222,0,0,0
520,1.4835,0.00433379,0.0506542389953706,0.396,0.000409,2.3,0.0506542389953706,0.0532106,0.0716821,0,2.68222,0,0,0
521,1.4833,0.00408503,0.0483188683568156,0.395,0.000414,2.3,0.0483188683568156,0.0510211,0.0717393,0,2.68222,0,0,0
522,1.483,0.00388739,0.0459834977182606,0.394,0.000416,2.3,0.0459834977182606,0.0488537,0.0717754,0,2.68222,0,0,0
523,1.4827,0.00374206,0.0437437316158296,0.393,0.000411,2.3,0.0437437316158296,0.0467102,0.0718152,0,2.68222,0,0,0
524,1.4825,0.00365252,0.0415039655133985,0.392,0.000409,2.3,0.0415039655133985,0.0445924,0.0718641,0,2.68222,0,0,0
525,1.4822,0.00361178,0.0393582801070267,0.391,0.000418,2.3,0.0393582801070267,0.042502,0.0719587,0,2.68222,0,0,0
526,1.4819,0.00361934,0.0372125947006549,0.391,0.000427,2.3,0.0372125947006549,0.0404407,0.0720597,0,2.68222,0,0,0
527,1.4816,0.00367282,0.0351774797926135,0.39,0.000427,2.3,0.0351774797926135,0.0384102,0.0721526,0,2.68222,0,0,0
528,1.4813,0.00376967,0.0331423648845722,0.389,0.000423,2.3,0.0331423648845722,0.0364122,0.0722403,0,2.68222,0,0,0
529,1.481,0.00390324,0.0312321535889721,0.388,0.000424,2.3,0.0312321535889721,0.0344486,0.0722952,0,2.68222,0,0,0
530,1.4807,0.00406899,0.029321942293372,0.387,0.000429,2.3,0.029321942293372,0.0325209,0.0723492,0,2.68222,0,0,0
531,1.4804,0.00426366,0.0275535442191634,0.385,0.000437,2.3,0.0275535442191634,0.030631,0.0724141,0,2.68222,0,0,0
532,1.4801,0.00448428,0.0257851461449548,0.382,0.000445,2.3,0.0257851461449548,0.0287806,0.0724758,0,2.68222,0,0,0
533,1.4797,0.00472995,0.0240984358526157,0.38,0.000451,2.3,0.0240984358526157,0.0269713,0.0725103,0,2.68222,0,0,0
534,1.4794,0.00499348,0.0224117255602766,0.378,0.000456,2.3,0.0224117255602766,0.025205,0.0725285,0,2.68222,0,0,0
535,1.4791,0.00527276,0.0208240242143756,0.376,0.000463,2.3,0.0208240242143756,0.0234833,0.0725289,0,2.68222,0,0,0
536,1.4788,0.00556455,0.0192363228684745,0.374,0.00047,2.3,0.0192363228684745,0.0218079,0.0725061,0,2.68222,0,0,0
537,1.4784,0.00586623,0.0177773556310481,0.372,0.000475,2.3,0.0177773556310481,0.0201807,0.0724327,0,2.68222,0,0,0
538,1.4781,0.00617059,0.0163183883936218,0.37,0.00048,2.3,0.0163183883936218,0.0186033,0.0723404,0,2.68222,0,0,0
539,1.4778,0.00647922,0.0149592870272454,0.368,0.000488,2.3,0.0149592870272454,0.0170774,0.0722102,0,2.68222,0,0,0
540,1.4774,0.0067864,0.0136265513415554,0.365,0.000495,2.3,0.0136265513415554,0.0156048,0.0720633,0,2.68222,0,0,0
541,1.4771,0.00709,0.0123608021933049,0.364,0.000498,2.3,0.0123608021933049,0.0141872,0.0718369,0,2.68222,0,0,0
542,1.4767,0.007388,0.011173532496748,0.363,0.000503,2.3,0.011173532496748,0.0128264,0.0716024,0,2.68222,0,0,0
543,1.4764,0.00767415,0.00998461784719598,0.361,0.000514,2.3,0.00998461784719598,0.011524,0.0713427,0,2.68222,0,0,0
544,1.476,0.00794833,0.00885610993609487,0.36,0.000527,2.3,0.00885610993609487,0.0102818,0.0710671,0,2.68222,0,0,0
545,1.4757,0.00820829,0.00777670918600773,0.358,0.000536,2.3,0.00777670918600773,0.00910146,0.0707065,0,2.68222,0,0,0
546,1.4753,0.00845364,0.00676386691948529,0.357,0.000544,2.3,0.00676386691948529,0.00798479,0.0703069,0,2.68222,0,0,0
547,1.475,0.00868499,0.00578759566476428,0.355,0.000553,2.3,0.00578759566476428,0.00693348,0.0698401,0,2.68222,0,0,0
548,1.4746,0.00890368,0.00487548896971969,0.354,0.000564,2.3,0.00487548896971969,0.00594925,0.0693554,0,2.68222,0,0,0
549,1.4743,0.0091119,0.00402145903550967,0.353,0.000576,2.3,0.00402145903550967,0.00503384,0.0687563,0,2.68222,0,0,0
550,1.4739,0.00930939,0.00323409248770938,0.351,0.000588,2.3,0.00323409248770938,0.00418898,0.0681398,0,2.68222,0,0,0
551,1.4735,0.00950012,0.0025209578112819,0.35,6e-04,2.3,0.0025209578112819,0.00341638,0.06744,0,2.68222,0,0,0
552,1.4732,0.00968213,0.00189176219963995,0.349,0.000611,2.3,0.00189176219963995,0.00271778,0.0667326,0,2.68222,0,0,0
553,1.4728,0.00986391,0.00124835462086509,0.348,0.000622,2.3,0.00124835462086509,0.0020949,0.0659041,0,2.68222,0,0,0
554,1.4724,0.01004,0.000731337666132018,0.347,0.000631,2.3,0.000731337666132018,0.00154947,0.0650612,0,2.68222,0,0,0
555,1.472,0.0102144,0.000360006804448005,0.346,0.000639,2.3,0.000360006804448005,0.00108322,0.0642103,0,2.68222,0,0,0
556,1.4716,0.0103855,0.000182798173741018,0.345,0.000646,2.3,0.000182798173741018,0.000697863,0.0633575,0,2.68222,0,0,0
557,1.4713,0.0105557,6.48705924532503e-05,0.343,0.000652,2.3,6.48705924532503e-05,0.000395138,0.0624373,0,2.68222,0,0,0
558,1.4709,0.0107242,0,0.342,0.000658,2.3,0,0.000176768,0.0615175,0,2.68222,0,0,0
559,1.4705,0.0108889,0,0.341,0.000665,2.3,0,4.44797e-05,0.0605785,0,2.68222,0,0,0
560,1.4701,0.011048,0,0.34,0.000672,2.3,0,2.13163e-13,0.0596515,0,2.68222,0,0,0
561,1.4697,0.0112169,0,0.338,0.000679,2.3,0,0,0.0586113,0,2.68222,0,0,0
562,1.4693,0.0114015,0,0.337,0.000686,2.3,0,0,0.057591,0,2.68222,0,0,0
563,1.4689,0.0116055,0,0.335,0.000692,2.3,0,0,0.0565542,0,2.68222,0,0,0
564,1.4685,0.0118272,0,0.333,0.000699,2.3,0,0,0.0555431,0,2.68222,0,0,0
565,1.4681,0.0120748,0,0.331,0.000708,2.3,0,0,0.0543786,0,2.68222,0,0,0
566,1.4678,0.0123402,0,0.329,0.000718,2.3,0,0,0.0532432,0,2.68222,0,0,0
567,1.4674,0.012628,0,0.328,0.000726,2.3,0,0,0.052056,0,2.68222,0,0,0
568,1.467,0.012933,0,0.326,0.000734,2.3,0,0,0.0509,0,2.68222,0,0,0
569,1.4666,0.0132595,0,0.324,0.000746,2.3,0,0,0.0496714,0,2.68222,0,0,0
570,1.4662,0.0135979,0,0.322,0.000759,2.3,0,0,0.0484808,0,2.68222,0,0,0
571,1.4658,0.0139469,0,0.32,0.000773,2.3,0,0,0.0473085,0,2.68222,0,0,0
572,1.4654,0.0143014,0,0.318,0.000787,2.3,0,0,0.0461743,0,2.68222,0,0,0
573,1.465,0.0146577,0,0.316,0.000802,2.3,0,0,0.0450001,0,2.68222,0,0,0
574,1.4647,0.0150102,0,0.314,0.000819,2.3,0,0,0.0438705,0,2.68222,0,0,0
575,1.4643,0.0153567,0,0.312,0.000839,2.3,0,0,0.0427812,0,2.68222,0,0,0
576,1.4639,0.0156935,0,0.31,0.000858,2.3,0,0,0.0417338,0,2.68222,0,0,0
577,1.4635,0.0160234,0,0.308,0.000875,2.3,0,0,0.0406179,0,2.68222,0,0,0
578,1.4632,0.0163397,0,0.306,0.000896,2.3,0,0,0.0395431,0,2.68222,0,0,0
579,1.4628,0.0166478,0,0.304,0.000924,2.3,0,0,0.0384569,0,2.68222,0,0,0
580,1.4624,0.0169452,0,0.302,0.000952,2.3,0,0,0.037412,0,2.68222,0,0,0
581,1.462,0.0172407,0,0.3,0.000975,2.3,0,0,0.0362003,0,2.68222,0,0,0
582,1.4617,0.0175269,0,0.298,0.001,2.3,0,0,0.0350426,0,2.68222,0,0,0
583,1.4613,0.0178005,0,0.296,0.00104,2.3,0,0,0.0339189,0,2.68222,0,0,0
584,1.461,0.0180658,0,0.294,0.00108,2.3,0,0,0.0328458,0,2.68222,0,0,0
585,1.4606,0.0183248,0,0.292,0.00112,2.3,0,0,0.0317012,0,2.68222,0,0,0
586,1.4602,0.0185679,0,0.29,0.00116,2.3,0,0,0.0306065,0,2.68222,0,0,0
587,1.4599,0.0188,0,0.288,0.0012,2.3,0,0,0.0296161,0,2.68222,0,0,0
588,1.4596,0.0190186,0,0.286,0.00125,2.3,0,0,0.0286652,0,2.68222,0,0,0
589,1.4592,0.0192278,0,0.284,0.0013,2.3,0,0,0.0277151,0,2.68222,0,0,0
590,1.4589,0.0194191,0,0.282,0.00136,2.3,0,0,0.0268029,0,2.68222,0,0,0
591,1.4586,0.0195991,0,0.28,0.00141,2.3,0,0,0.0259512,0,2.68222,0,0,0
592,1.4583,0.0197663,0,0.278,0.00146,2.3,0,0,0.0251335,0,2.68222,0,0,0
593,1.4579,0.0199222,0,0.277,0.00151,2.3,0,0,0.0242929,0,2.68222,0,0,0
594,1.4576,0.0200656,0,0.275,0.00157,2.3,0,0,0.0234865,0,2.68222,0,0,0
595,1.4573,0.0201988,0,0.273,0.00164,2.3,0,0,0.0226866,0,2.68222,0,0,0
596,1.457,0.0203266,0,0.271,0.0017,2.3,0,0,0.0219176,0,2.68222,0,0,0
597,1.4568,0.0204577,0,0.269,0.00176,2.3,0,0,0.0210849,0,2.68222,0,0,0
598,1.4565,0.0205849,0,0.267,0.00186,2.3,0,0,0.0202843,0,2.68222,0,0,0
599,1.4562,0.0207154,0,0.265,0.00204,2.3,0,0,0.0194972,0,2.68222,0,0,0
600,1.4559,0.020854,0,0.264,0.00222,2.3,0,0,0.0187401,0,2.68222,0,0,0
601,1.4556,0.0210068,0,0.262,0.00232,2.3,0,0,0.017977,0,2.68222,0,0,0
602,1.4554,0.0211716,0,0.26,0.00237,2.3,0,0,0.0172421,0,2.68222,0,0,0
603,1.4551,0.0213477,0,0.258,0.0024,2.3,0,0,0.0166044,0,2.68222,0,0,0
604,1.4548,0.0215458,0,0.257,0.00245,2.3,0,0,0.015987,0,2.68222,0,0,0
605,1.4546,0.0217636,0,0.255,0.00252,2.3,0,0,0.0154096,0,2.68222,0,0,0
606,1.4543,0.0220033,0,0.253,0.00259,2.3,0,0,0.0148447,0,2.68222,0,0,0
607,1.4541,0.022268,0,0.252,0.00263,2.3,0,0,0.0143173,0,2.68222,0,0,0
608,1.4538,0.0225525,0,0.25,0.00265,2.3,0,0,0.0138003,0,2.68222,0,0,0
609,1.4536,0.0228594,0,0.248,0.00267,2.3,0,0,0.0132952,0,2.68222,0,0,0
610,1.4533,0.0231769,0,0.246,0.00269,2.3,0,0,0.0128011,0,2.68222,0,0,0
611,1.4531,0.0235022,0,0.245,0.0027,2.3,0,0,0.0123363,0,2.68222,0,0,0
612,1.4528,0.0238419,0,0.243,0.00272,2.3,0,0,0.0118837,0,2.68222,0,0,0
613,1.4526,0.0241985,0,0.241,0.00273,2.3,0,0,0.0113936,0,2.68222,0,0,0
614,1.4524,0.024561,0,0.24,0.00274,2.3,0,0,0.0109184,0,2.68222,0,0,0
615,1.4521,0.024917,0,0.238,0.00275,2.3,0,0,0.0104635,0,2.68222,0,0,0
616,1.4519,0.0252691,0,0.237,0.00276,2.3,0,0,0.0100219,0,2.68222,0,0,0
617,1.4517,0.0256167,0,0.235,0.00278,2.3,0,0,0.00958084,0,2.68222,0,0,0
618,1.4515,0.0259503,0,0.233,0.00279,2.3,0,0,0.00915534,0,2.68222,0,0,0
619,1.4513,0.0262545,0,0.232,0.0028,2.3,0,0,0.00877663,0,2.68222,0,0,0
620,1.4511,0.0265303,0,0.23,0.00281,2.3,0,0,0.00841103,0,2.68222,0,0,0
621,1.4508,0.0267861,0,0.229,0.00282,2.3,0,0,0.00805235,0,2.68222,0,0,0
622,1.4506,0.0270098,0,0.227,0.00284,2.3,0,0,0.00770727,0,2.68222,0,0,0
623,1.4504,0.0272066,0,0.226,0.00285,2.3,0,0,0.00737548,0,2.68222,0,0,0
624,1.4503,0.0273792,0,0.224,0.00287,2.3,0,0,0.00705665,0,2.68222,0,0,0
625,1.4501,0.0275228,0,0.223,0.00288,2.3,0,0,0.00675045,0,2.68222,0,0,0
626,1.4499,0.0276449,0,0.222,0.00289,2.3,0,0,0.00645657,0,2.68222,0,0,0
627,1.4497,0.0277392,0,0.22,0.00291,2.3,0,0,0.00617467,0,2.68222,0,0,0
628,1.4496,0.0278211,0,0.219,0.00292,2.3,0,0,0.00590444,0,2.68222,0,0,0
629,1.4494,0.0278951,0,0.217,0.00294,2.3,0,0,0.00564554,0,2.68222,0,0,0
630,1.4492,0.0279776,0,0.216,0.00296,2.3,0,0,0.00539765,0,2.68222,0,0,0
631,1.4491,0.0280723,0,0.214,0.00297,2.3,0,0,0.00516045,0,2.68222,0,0,0
632,1.449,0.0281944,0,0.213,0.00299,2.3,0,0,0.00493362,0,2.68222,0,0,0
633,1.4488,0.0283603,0,0.212,0.003,2.3,0,0,0.00471682,0,2.68222,0,0,0
634,1.4487,0.0285729,0,0.21,0.00301,2.3,0,0,0.00450973,0,2.68222,0,0,0
635,1.4486,0.028846,0,0.209,0.00302,2.3,0,0,0.00431204,0,2.68222,0,0,0
636,1.4485,0.0291814,0,0.207,0.00304,2.3,0,0,0.00412341,0,2.68222,0,0,0
637,1.4483,0.0295993,0,0.206,0.00306,2.3,0,0,0.00394352,0,2.68222,0,0,0
638,1.4482,0.0300771,0,0.205,0.00308,2.3,0,0,0.00377204,0,2.68222,0,0,0
639,1.4481,0.0306343,0,0.203,0.00309,2.3,0,0,0.00360865,0,2.68222,0,0,0
640,1.4481,0.0312475,0,0.202,0.00311,2.3,0,0,0.00345303,0,2.68222,0,0,0
641,1.448,0.0319268,0,0.201,0.00313,2.3,0,0,0.00330485,0,2.68222,3.72769037417706e-05,0,1e-06
642,1.4479,0.0326585,0,0.199,0.00314,2.3,0,0,0.00316378,0,2.68222,7.5319970522663e-05,0,6e-06
643,1.4478,0.0334412,0,0.198,0.00316,2.3,0,0,0.00302951,0,2.68222,0.000115376467129688,0,1.8e-05
644,1.4477,0.0342546,0,0.197,0.00318,2.3,0,0,0.0029017,0,2.68222,0.000158693660349858,0,5.9e-05
645,1.4476,0.0351007,0,0.196,0.0032,2.3,0,0,0.00278004,0,2.68222,0.000206518816970184,0,0.000122
646,1.4476,0.0359489,0,0.194,0.00322,2.3,0,0,0.00266419,0,2.68222,0.000260099203777677,0,0.000209
647,1.4475,0.0367793,0,0.193,0.00324,2.3,0,0,0.00255383,0,2.68222,0.000320682087559348,0,0.000318
648,1.4474,0.037588,0,0.192,0.00326,2.3,0,0,0.00244865,0,2.68222,0.00038951473510221,0,0.000451
649,1.4474,0.0383232,0,0.19,0.00329,2.3,0,0,0.0023483,0,2.68222,0.000467844413193273,0,0.000607
650,1.4473,0.0390136,0,0.189,0.00332,2.3,0,0,0.00225247,0,2.68222,0.000556918388619548,0,0.000785
651,1.4473,0.0396312,0,0.188,0.00334,2.3,0,0,0.00216084,0,2.68222,0.000657983928168048,4.2e-05,0.000986
652,1.4472,0.0402217,0,0.187,0.00336,2.3,0,0,0.00207308,0,2.68222,0.000772288298625783,8.5e-05,0.001211
653,1.4472,0.0408042,0,0.185,0.00339,2.3,0,0,0.00198886,0,2.68222,0.000901078766779765,8.9e-05,0.001458
654,1.4471,0.0414183,0,0.184,0.00342,2.3,0,0,0.00190786,0,2.68222,0.00104560258831302,8.2e-05,0.001729
655,1.4471,0.0421067,0,0.183,0.00346,2.3,0,0,0.00182975,0,2.68222,0.00120710697449259,8e-05,0.002022
656,1.447,0.04288,0,0.182,0.00351,2.3,0,0,0.00175422,0,2.68222,0.00138683917655992,8.1e-05,0.002339
657,1.447,0.0438083,0,0.18,0.00357,2.3,0,0,0.00168093,0,2.68222,0.00158604665006985,9.9e-05,0.002652
658,1.4469,0.0448612,0,0.179,0.00364,2.3,0,0,0.00160956,0,2.68222,0.00180597670844615,0.000124,0.002963
659,1.4469,0.0461069,0,0.178,0.00371,2.3,0,0,0.00153979,0,2.68222,0.00204787589227486,0.000153,0.003307
660,1.4468,0.0474949,0,0.177,0.00379,2.3,0,0,0.00147128,0,2.68222,0.00231299127069194,0.00018,0.003762
661,1.4468,0.0491126,0,0.176,0.00387,2.3,0,0,0.00140373,0,2.68222,0.00260257279987094,0.000214,0.004252
662,1.4467,0.0508487,0,0.174,0.00393,2.3,0,0,0.0013368,0,2.68222,0.00291786846391664,0.00026,0.004654
663,1.4467,0.0527301,0,0.173,0.00398,2.3,0,0,0.00127016,0,2.68222,0.00326011547162141,0.000322,0.005237
664,1.4467,0.0546996,0,0.172,0.00402,2.3,0,0,0.0012035,0,2.68222,0.00363055839150255,0.000409,0.005953
665,1.4466,0.0567611,0,0.17,0.00405,2.3,0,0,0.00113648,0,2.68222,0.00403048200628961,0.000508,0.006644
666,1.4466,0.0588679,0,0.169,0.00407,2.3,0,0,0.00106879,0,2.68222,0.00446114363188106,0.000615,0.007548
667,1.4465,0.0608295,0,0.168,0.00409,2.3,0,0,0.0010001,0,2.68222,0.00492365050263883,0.000727,0.008352
668,1.4465,0.06275,0,0.167,0.0041,2.3,0,0,0.000930077,0,2.68222,0.0054192123605242,0.000847,0.009271
669,1.4464,0.0644721,0,0.165,0.00411,2.3,0,0,0.000858406,0,2.68222,0.00594959905943242,0.000975,0.010381
670,1.4464,0.0661121,0,0.164,0.00412,2.3,0,0,0.000784759,0,2.68222,0.0065161978896924,0.001105,0.011662
671,1.4463,0.0674706,0,0.163,0.00414,2.3,0,0,0.000710017,0,2.68222,0.00711830577543369,0.00122,0.012885
672,1.4463,0.0686749,0,0.161,0.00415,2.3,0,0,0.000638835,0,2.68222,0.00775664738745187,0.001348,0.014275
673,1.4462,0.0696352,0,0.16,0.00416,2.3,0,0,0.000571243,0,2.68222,0.00843974874940595,0.001526,0.016192
674,1.4462,0.0704652,0,0.159,0.00417,2.3,0,0,0.000507271,0,2.68222,0.00917080746185723,0.001749,0.017591
675,1.4461,0.0709948,0,0.157,0.0042,2.3,0,0,0.000446948,0,2.68222,0.00992390608011254,0.001988,0.019361
676,1.4461,0.0714015,0,0.156,0.00422,2.3,0,0,0.000390303,0,2.68222,0.0106930131052037,0.002193,0.021075
677,1.446,0.0713582,0,0.155,0.00425,2.3,0,0,0.000337366,0,2.68222,0.0115807558663168,0.00246,0.022523
678,1.4459,0.0711272,0,0.153,0.00427,2.3,0,0,0.000288166,0,2.68222,0.0126565266832819,0.002822,0.025446
679,1.4459,0.0701854,0,0.152,0.00429,2.3,0,0,0.000242734,0,2.68222,0.0137481190103509,0.00318,0.026517
680,1.4458,0.0689206,0,0.15,0.00432,2.3,0,0,0.000201097,0,2.68222,0.0146641616615881,0.003537,0.028035
681,1.4458,0.0665762,0,0.149,0.00435,2.3,0,0,0.000163286,0,2.68222,0.0153782237558847,0.003868,0.028705
682,1.4457,0.0639476,0,0.148,0.00438,2.3,0,0,0.00012933,0,2.68222,0.0158964273256059,0.004211,0.029088
683,1.4456,0.0604821,0,0.146,0.00442,2.3,0,0,9.92589e-05,0,2.68222,0.0161901657521868,0.004568,0.029036
684,1.4456,0.0568583,0,0.145,0.00446,2.3,0,0,7.31016e-05,0,2.68222,0.0162433709018077,0.004923,0.028632
685,1.4455,0.0527473,0,0.144,0.0045,2.3,0,0,5.08877e-05,0,2.68222,0.0161248572305604,0.005278,0.027784
686,1.4454,0.0487258,0,0.142,0.00455,2.3,0,0,3.26466e-05,0,2.68222,0.0158976767630651,0.005602,0.026463
687,1.4454,0.044707,0,0.141,0.00459,2.3,0,0,1.84079e-05,0,2.68222,0.0155169492081451,0.005846,0.024735
688,1.4453,0.0408585,0,0.14,0.00465,2.3,0,0,8.20091e-06,0,2.68222,0.014937655294501,0.00606,0.022467
689,1.4452,0.0371411,0,0.138,0.0047,2.3,0,0,2.05514e-06,0,2.68222,0.0142221521461414,0.006282,0.020802
690,1.4451,0.033671,0,0.137,0.00476,2.3,0,0,0,0,2.68222,0.013445844343261,0.006521,0.019141
691,1.4451,0.0304587,0,0.136,0.00483,2.3,0,0,0,0,2.68222,0.012628949895491,0.006683,0.0175
692,1.445,0.0275021,0,0.135,0.0049,2.3,0,0,0,0,2.68222,0.0117951358627314,0.006811,0.015861
693,1.4449,0.0247868,0,0.133,0.00499,2.3,0,0,0,0,2.68222,0.0110370520765204,0.006922,0.014488
694,1.4449,0.0223303,0,0.132,0.00507,2.3,0,0,0,0,2.68222,0.0104298547009455,0.006986,0.013264
695,1.4448,0.0201436,0,0.131,0.00515,2.3,0,0,0,0,2.68222,0.00990974245865383,0.007037,0.012099
696,1.4447,0.0181733,0,0.13,0.00524,2.3,0,0,0,0,2.68222,0.00940413789493875,0.007116,0.011258
697,1.4446,0.0164205,0,0.128,0.00535,2.3,0,0,0,0,2.68222,0.00894431628711993,0.007243,0.010642
698,1.4445,0.0148521,0,0.127,0.00547,2.3,0,0,0,0,2.68222,0.00857017077641852,0.007379,0.009969
699,1.4445,0.0134714,0,0.126,0.00559,2.3,0,0,0,0,2.68222,0.0082522132276354,0.007491,0.009408
700,1.4444,0.0122406,0,0.125,0.00572,2.3,0,0,0,0,2.68222,0.00795472604913869,0.007628,0.008961
701,1.4443,0.0111549,0,0.123,0.00586,2.3,0,0,0,0,2.68222,0.00768645509998588,0.007825,0.008418
702,1.4442,0.0101925,0,0.122,0.006,2.3,0,0,0,0,2.68222,0.00746383596545562,0.008045,0.007913
703,1.4441,0.00934301,0,0.121,0.00615,2.3,0,0,0,0,2.68222,0.00728959968502196,0.008258,0.007522
704,1.444,0.00858695,0,0.12,0.0063,2.3,0,0,0,0,2.68222,0.0071593869321337,0.008437,0.00729
705,1.4438,0.00791505,0,0.119,0.00646,2.3,0,0,0,0,2.68222,0.00705418146194311,0.008618,0.007062
706,1.4437,0.00731259,0,0.118,0.00663,2.3,0,0,0,0,2.68222,0.00695749833681903,0.008832,0.006717
707,1.4436,0.00677109,0,0.117,0.0068,2.3,0,0,0,0,2.68222,0.00687763476629313,0.009051,0.006451
708,1.4435,0.0062803,0,0.116,0.00699,2.3,0,0,0,0,2.68222,0.00682671312037152,0.009341,0.006239
709,1.4433,0.00583221,0,0.114,0.0072,2.3,0,0,0,0,2.68222,0.00680737426379529,0.009691,0.006056
710,1.4432,0.00542144,0,0.113,0.00742,2.3,0,0,0,0,2.68222,0.00681834869325904,0.009965,0.005921
711,1.4431,0.0050449,0,0.112,0.00765,2.3,0,0,0,0,2.68222,0.00685220693853646,0.010214,0.005815
712,1.4429,0.00469652,0,0.111,0.00789,2.3,0,0,0,0,2.68222,0.00689949956812784,0.010574,0.005699
713,1.4428,0.00437346,0,0.11,0.00816,2.3,0,0,0,0,2.68222,0.00694885727236093,0.010904,0.005584
714,1.4426,0.00407204,0,0.109,0.00845,2.3,0,0,0,0,2.68222,0.00699531603127656,0.011111,0.005487
715,1.4425,0.00379222,0,0.108,0.00876,2.3,0,0,0,0,2.68222,0.00706145286194059,0.011327,0.005419
716,1.4423,0.0035302,0,0.107,0.00911,2.3,0,0,0,0,2.68222,0.00716379166599164,0.011637,0.00536
717,1.4422,0.00328562,0,0.106,0.00948,2.3,0,0,0,0,2.68222,0.00726710284633439,0.01192,0.0053
718,1.442,0.00305749,0,0.105,0.00987,2.3,0,0,0,0,2.68222,0.00733915125172377,0.012062,0.005238
719,1.4418,0.00284347,0,0.104,0.0103,2.3,0,0,0,0,2.68222,0.0074114330130499,0.012183,0.005173
720,1.4416,0.0026434,0,0.102,0.0107,2.3,0,0,0,0,2.68222,0.0075187801725416,0.012359,0.005098
721,1.4415,0.00245633,0,0.101,0.0112,2.3,0,0,0,0,2.68222,0.0076456371356476,0.012607,0.005028
722,1.4413,0.00228092,0,0.1,0.0117,2.3,0,0,0,0,2.68222,0.00776802911800173,0.012737,0.004973
723,1.4411,0.0021168,0,0.0993,0.0122,2.3,0,0,0,0,2.68222,0.00787869221275828,0.012797,0.00494
724,1.4409,0.00196361,0,0.0983,0.0127,2.3,0,0,0,0,2.68222,0.00797605861965774,0.012874,0.004915
725,1.4407,0.00182056,0,0.0973,0.0132,2.3,0,0,0,0,2.68222,0.00806463408726487,0.01294,0.004882
726,1.4405,0.00168688,0,0.0963,0.0137,2.3,0,0,0,0,2.68222,0.0081520176378217,0.013023,0.00484
727,1.4404,0.00156284,0,0.0952,0.0143,2.3,0,0,0,0,2.68222,0.00825210783945522,0.013095,0.004797
728,1.4402,0.00144677,0,0.0942,0.0149,2.3,0,0,0,0,2.68222,0.00837349309858499,0.013117,0.004756
729,1.44,0.00133883,0,0.0932,0.0155,2.3,0,0,0,0,2.68222,0.00849722162891599,0.01308,0.00472
730,1.4398,0.0012386,0,0.0922,0.0162,2.3,0,0,0,0,2.68222,0.00860512373552203,0.013,0.00469
731,1.4396,0.0011459,0,0.0912,0.017,2.3,0,0,0,0,2.68222,0.00870969828166673,0.012879,0.004667
732,1.4394,0.00105907,0,0.0902,0.0179,2.3,0,0,0,0,2.68222,0.00882372409670162,0.012735,0.004658
733,1.4392,0.000978276,0,0.0892,0.0189,2.3,0,0,0,0,2.68222,0.00893043131614001,0.01257,0.004659
734,1.4391,0.000904086,0,0.0883,0.0199,2.3,0,0,0,0,2.68222,0.00901204754571834,0.012412,0.004661
735,1.4389,0.00083609,0,0.0873,0.021,2.3,0,0,0,0,2.68222,0.00907633896590382,0.012302,0.004658
736,1.4387,0.000772889,0,0.0863,0.0221,2.3,0,0,0,0,2.68222,0.00913547446619284,0.012212,0.004649
737,1.4385,0.000715026,0,0.0853,0.0231,2.3,0,0,0,0,2.68222,0.00919369519746803,0.012129,0.004631
738,1.4384,0.000661618,0,0.0844,0.0239,2.3,0,0,0,0,2.68222,0.00924861868951981,0.012042,0.004597
739,1.4382,0.000612349,0,0.0834,0.0247,2.3,0,0,0,0,2.68222,0.00927929572638387,0.01194,0.00455
740,1.438,0.000567642,0,0.0824,0.0253,2.3,0,0,0,0,2.68222,0.00926798543332687,0.01181,0.004495
741,1.4379,0.00052722,0,0.0816,0.0258,2.3,0,0,0,0,2.68222,0.00922834704629413,0.011639,0.004454
742,1.4377,0.00048994,0,0.0807,0.0262,2.3,0,0,0,0,2.68222,0.00917556528899287,0.01143,0.004384
743,1.4376,0.000456364,0,0.0799,0.0265,2.3,0,0,0,0,2.68222,0.00909952672549931,0.011196,0.004263
744,1.4374,0.000425665,0,0.079,0.0267,2.3,0,0,0,0,2.68222,0.00898914277408864,0.010955,0.004132
745,1.4373,0.000398123,0,0.0782,0.0269,2.3,0,0,0,0,2.68222,0.0088547224294631,0.010736,0.004046
746,1.4371,0.000373159,0,0.0773,0.027,2.3,0,0,0,0,2.68222,0.00870695204648707,0.010504,0.003976
747,1.437,0.000351044,0,0.0765,0.0271,2.3,0,0,0,0,2.68222,0.00853662984424675,0.010258,0.00386
748,1.4368,0.000331411,0,0.0756,0.0272,2.3,0,0,0,0,2.68222,0.00833457841089332,0.010015,0.003731
749,1.4367,0.000313711,0,0.0748,0.0273,2.3,0,0,0,0,2.68222,0.00811160594661606,0.009813,0.003595
750,1.4366,0.000298414,0,0.0739,0.0273,2.3,0,0,0,0,2.68222,0.00788012193034482,0.009491,0.00346
751,1.4364,0.000283146,0,0.0732,0.0274,2.3,0,0,0,0,2.68222,0.00763895534393367,0.009211,0.003324
752,1.4363,0.00026796,0,0.0725,0.0274,2.3,0,0,0,0,2.68222,0.00738612621030648,0.009011,0.003187
753,1.4361,0.000252885,0,0.0717,0.0275,2.3,0,0,0,0,2.68222,0.00712999921374235,0.00876,0.003044
754,1.436,0.000237952,0,0.071,0.0275,2.3,0,0,0,0,2.68222,0.00688026328221552,0.008403,0.002903
755,1.4359,0.000223193,0,0.0702,0.0275,2.3,0,0,0,0,2.68222,0.00664155965712561,0.00818,0.002781
756,1.4357,0.000208636,0,0.0695,0.0275,2.3,0,0,0,0,2.68222,0.00641301985585834,0.007955,0.002695
757,1.4356,0.000194314,0,0.0688,0.0276,2.3,0,0,0,0,2.68222,0.00617678418631822,0.007709,0.002619
758,1.4355,0.000180256,0,0.068,0.0276,2.3,0,0,0,0,2.68222,0.00591586856220883,0.007468,0.002523
759,1.4354,0.000166494,0,0.0673,0.0277,2.3,0,0,0,0,2.68222,0.00563378252991126,0.007246,0.002412
760,1.4352,0.000153058,0,0.0665,0.0277,2.3,0,0,0,0,2.68222,0.00534384181121805,0.007028,0.002298
761,1.4351,0.000139979,0,0.0659,0.0277,2.3,0,0,0,0,2.68222,0.0050780931968902,0.006819,0.00219
762,1.435,0.000127287,0,0.0652,0.0277,2.3,0,0,0,0,2.68222,0.00486132640718317,0.006639,0.002094
763,1.4349,0.000115013,0,0.0645,0.0277,2.3,0,0,0,0,2.68222,0.004670571811362,0.006446,0.002004
764,1.4348,0.000103187,0,0.0639,0.0277,2.3,0,0,0,0,2.68222,0.00447865603509576,0.006224,0.001917
765,1.4348,9.18411e-05,0,0.0632,0.0277,2.3,0,0,0,0,2.68222,0.00428935008066005,0.005977,0.001835
766,1.4347,8.10049e-05,0,0.0625,0.0277,2.3,0,0,0,0,2.68222,0.00410894862817918,0.005785,0.001756
767,1.4346,7.07092e-05,0,0.0618,0.0277,2.3,0,0,0,0,2.68222,0.0039228966925658,0.005628,0.001676
768,1.4345,6.09847e-05,0,0.0612,0.0276,2.3,0,0,0,0,2.68222,0.00371947159664298,0.005418,0.001592
769,1.4345,5.18621e-05,0,0.0605,0.0276,2.3,0,0,0,0,2.68222,0.00351912956008707,0.00521,0.0015
770,1.4344,4.3372e-05,0,0.0598,0.0275,2.3,0,0,0,0,2.68222,0.00333168276477593,0.005029,0.001413
771,1.4343,3.5545e-05,0,0.0591,0.0275,2.3,0,0,0,0,2.68222,0.00315761857153999,0.004859,0.001341
772,1.4343,2.84118e-05,0,0.0584,0.0275,2.3,0,0,0,0,2.68222,0.00299626755568303,0.004699,0.001275
773,1.4342,2.20031e-05,0,0.0577,0.0274,2.3,0,0,0,0,2.68222,0.00284696029250886,0.004557,0.001202
774,1.4342,1.63494e-05,0,0.057,0.0273,2.3,0,0,0,0,2.68222,0.00270902735732126,0.004429,0.001113
775,1.4342,1.14814e-05,0,0.0563,0.0272,2.3,0,0,0,0,2.68222,0.00258179932542404,0.004308,0.001015
776,1.4341,7.42983e-06,0,0.0556,0.0271,2.3,0,0,0,0,2.68222,0.00246460677212099,0.004192,0.000922
777,1.4341,4.22525e-06,0,0.0549,0.027,2.3,0,0,0,0,2.68222,0.0023567802727159,0.004081,0.000833
778,1.4341,1.89832e-06,0,0.0542,0.0269,2.3,0,0,0,0,2.68222,0.00225765040251257,0.003972,0.000749
779,1.4341,4.79687e-07,0,0.0535,0.0268,2.3,0,0,0,0,2.68222,0.0021665477368148,0.003863,0.000669
780,1.4341,1.05249e-13,0,0.0528,0.0266,2.3,0,0,0,0,2.68222,0.00208280285092637,0.00375,0.000594
781,1.434,0,0,0.0523,0.0265,2.3,0,0,0,0,2.68222,0.00200574632015109,0.003632,0.000523
782,1.434,0,0,0.0517,0.0263,2.3,0,0,0,0,2.68222,0.00193470871979276,0.00352,0.000457
783,1.434,0,0,0.0511,0.0262,2.3,0,0,0,0,2.68222,0.00186902062515515,0.00342,0.000395
784,1.434,0,0,0.0505,0.0261,2.3,0,0,0,0,2.68222,0.00180801261154208,0.003325,0.000338
785,1.4341,0,0,0.0499,0.0259,2.3,0,0,0,0,2.68222,0.00175101525425734,0.003237,0.000285
786,1.4341,0,0,0.0493,0.0256,2.3,0,0,0,0,2.68222,0.00169735912860471,0.003153,0.000236
787,1.4341,0,0,0.0487,0.0252,2.3,0,0,0,0,2.68222,0.00164637480988801,0.003072,0.000193
788,1.4341,0,0,0.0482,0.0251,2.3,0,0,0,0,2.68222,0.00159739287341101,0.002992,0.000153
789,1.4341,0,0,0.0476,0.025,2.3,0,0,0,0,2.68222,0.00154974389447753,0.002911,0.000118
790,1.4342,0,0,0.047,0.0247,2.3,0,0,0,0,2.68222,0.00150275844839134,0.002823,8.8e-05
791,1.4342,0,0,0.0465,0.0245,2.3,0,0,0,0,2.68222,0.00145576711045626,0.002732,6.2e-05
792,1.4342,0,0,0.0459,0.0241,2.3,0,0,0,0,2.68222,0.00140851326098506,0.002643,4.1e-05
793,1.4342,0,0,0.0454,0.0239,2.3,0,0,0,0,2.68222,0.00136200986656028,0.002563,2.4e-05
794,1.4343,0,0,0.0449,0.0237,2.3,0,0,0,0,2.68222,0.00131625842216806,0.002489,1.1e-05
795,1.4343,0,0,0.0444,0.0236,2.3,0,0,0,0,2.68222,0.00127126042279455,0.002411,0
796,1.4343,0,0,0.0439,0.0234,2.3,0,0,0,0,2.68222,0.00122701736342587,0.002337,0
797,1.4344,0,0,0.0433,0.0232,2.3,0,0,0,0,2.68222,0.00118353073904817,0.002276,0
798,1.4344,0,0,0.0428,0.023,2.3,0,0,0,0,2.68222,0.00114080204464759,0.002233,0
799,1.4344,0,0,0.0423,0.0228,2.3,0,0,0,0,2.68222,0.00109883277521026,0.002171,0
800,1.4345,0,0,0.0418,0.0225,2.3,0,0,0,0,2.68222,0.00105762442572232,0.00211,0
801,1.4345,0,0,0.0413,0.0224,2.3,0,0,0,0,2.68222,0.00101717849116991,0.00205,0
802,1.4345,0,0,0.0408,0.0224,2.3,0,0,0,0,2.68222,0.000977496466539162,0.00199,0
803,1.4346,0,0,0.0403,0.0222,2.3,0,0,0,0,2.68222,0.000938579846816223,0.001932,0
804,1.4346,0,0,0.0399,0.022,2.3,0,0,0,0,2.68222,0.000900430126987226,0.001874,0
805,1.4346,0,0,0.0394,0.022,2.3,0,0,0,0,2.68222,0.000863048802038311,0.001818,0
806,1.4346,0,0,0.0389,0.022,2.3,0,0,0,0,2.68222,0.000826437366955615,0.001762,0
807,1.4347,0,0,0.0384,0.022,2.3,0,0,0,0,2.68222,0.000790597316725276,0.001707,0
808,1.4347,0,0,0.0379,0.0218,2.3,0,0,0,0,2.68222,0.000755530146333433,0.001653,0
809,1.4347,0,0,0.0375,0.0219,2.3,0,0,0,0,2.68222,0.000721237350766223,0.0016,0
810,1.4347,0,0,0.037,0.0219,2.3,0,0,0,0,2.68222,0.000687720425009784,0.001548,0
811,1.4347,0,0,0.0366,0.0219,2.3,0,0,0,0,2.68222,0.000654980864050256,0.001496,0
812,1.4347,0,0,0.0362,0.022,2.3,0,0,0,0,2.68222,0.000623020162873775,0.001446,0
813,1.4347,0,0,0.0357,0.0221,2.3,0,0,0,0,2.68222,0.000591839816466479,0.001396,0
814,1.4347,0,0,0.0353,0.0222,2.3,0,0,0,0,2.68222,0.000561441319814508,0.001347,0
815,1.4347,0,0,0.0349,0.0223,2.3,0,0,0,0,2.68222,0.000531826167903998,0.001299,0
816,1.4347,0,0,0.0345,0.0225,2.3,0,0,0,0,2.68222,0.000502995855721089,0.001252,0
817,1.4347,0,0,0.0341,0.0228,2.3,0,0,0,0,2.68222,0.000474951878251917,0.001206,0
818,1.4347,0,0,0.0337,0.023,2.3,0,0,0,0,2.68222,0.000447695730482621,0.00116,0
819,1.4347,0,0,0.0333,0.0231,2.3,0,0,0,0,2.68222,0.00042122890739934,0.001116,0
820,1.4347,0,0,0.0329,0.0233,2.3,0,0,0,0,2.68222,0.00039555290398821,0.001072,0
821,1.4347,0,0,0.0325,0.0239,2.3,0,0,0,0,2.68222,0.000370669215235371,0.00103,0
822,1.4347,0,0,0.0321,0.0245,2.3,0,0,0,0,2.68222,0.00034657933612696,0.000988,0
823,1.4347,0,0,0.0318,0.0248,2.3,0,0,0,0,2.68222,0.000323284761649117,0.000947,0
824,1.4347,0,0,0.0314,0.0252,2.3,0,0,0,0,2.68222,0.000300786986787977,0.000907,0
825,1.4347,0,0,0.031,0.0262,2.3,0,0,0,0,2.68222,0.000279087506529679,0.000867,0
826,1.4348,0,0,0.0307,0.0277,2.3,0,0,0,0,2.68222,0.000258187815860363,0.000829,0
827,1.4348,0,0,0.0303,0.0283,2.3,0,0,0,0,2.68222,0.000238089409766165,0.000791,0
828,1.4348,0,0,0.0299,0.0291,2.3,0,0,0,0,2.68222,0.000218793783233224,0.000755,0
829,1.4348,0,0,0.0295,0.0311,2.3,0,0,0,0,2.68222,0.000200302431247677,0.000719,0
830,1.4348,0,0,0.0292,0.0321,2.3,0,0,0,0,2.68222,0.000182616848795664,0.000684,0
831,1.4348,0,0,0.0289,0.033,2.3,0,0,0,0,2.68222,0.000165738530863322,0.00065,0
832,1.4348,0,0,0.0285,0.0346,2.3,0,0,0,0,2.68222,0.000149668972436788,0.000617,0
833,1.4348,0,0,0.0282,0.0361,2.3,0,0,0,0,2.68222,0.000134409668502202,0.000585,0
834,1.4348,0,0,0.0279,0.0366,2.3,0,0,0,0,2.68222,0.000119962114045701,0.000553,0
835,1.4348,0,0,0.0275,0.037,2.3,0,0,0,0,2.68222,0.000106327804053423,0.000523,0
836,1.4348,0,0,0.0272,0.0379,2.3,0,0,0,0,2.68222,9.35082335115065e-05,0.000493,0
837,1.4348,0,0,0.0269,0.0383,2.3,0,0,0,0,2.68222,8.15048974060892e-05,0.000464,0
838,1.4348,0,0,0.0266,0.0385,2.3,0,0,0,0,2.68222,7.03192907233088e-05,0.000436,0
839,1.4348,0,0,0.0262,0.0391,2.3,0,0,0,0,2.68222,5.9952908449305e-05,0.000409,0
840,1.4348,0,0,0.0259,0.0395,2.3,0,0,0,0,2.68222,5.04072455702144e-05,0.000383,0
841,1.4348,0,0,0.0256,0.0397,2.3,0,0,0,0,2.68222,4.16837970721752e-05,0.000357,0
842,1.4348,0,0,0.0253,0.04,2.3,0,0,0,0,2.68222,3.37840579413254e-05,0.000333,0
843,1.4348,0,0,0.025,0.0404,2.3,0,0,0,0,2.68222,2.67095231638042e-05,0.000309,0
844,1.4348,0,0,0.0247,0.0406,2.3,0,0,0,0,2.68222,2.04616877257484e-05,0.000286,0
845,1.4348,0,0,0.0244,0.0408,2.3,0,0,0,0,2.68222,1.50420466132966e-05,0.000265,0
846,1.4347,0,0,0.0241,0.0412,2.3,0,0,0,0,2.68222,1.04520948125864e-05,0.000244,0
847,1.4347,0,0,0.0238,0.0413,2.3,0,0,0,0,2.68222,6.69332730975721e-06,0.000223,0
848,1.4347,0,0,0.0235,0.0415,2.3,0,0,0,0,2.68222,3.76723909094546e-06,0.000204,0
849,1.4347,0,0,0.0232,0.042,2.3,0,0,0,0,2.68222,1.67532514228995e-06,0.000186,0
850,1.4347,0,0,0.0229,0.042,2.3,0,0,0,0,2.68222,4.19080449928547e-07,0.000168,0
851,1.4347,0,0,0.0226,0.0422,2.3,0,0,0,0,2.68222,0,0,0
852,1.4347,0,0,0.0224,0.0425,2.3,0,0,0,0,2.68222,0,0,0
853,1.4347,0,0,0.0221,0.0427,2.3,0,0,0,0,2.68222,0,0,0
854,1.4347,0,0,0.0219,0.0428,2.3,0,0,0,0,2.68222,0,0,0
855,1.4347,0,0,0.0216,0.0431,2.3,0,0,0,0,2.68222,0,0,0
856,1.4347,0,0,0.0213,0.0436,2.3,0,0,0,0,2.68222,0,0,0
857,1.4346,0,0,0.0211,0.0437,2.3,0,0,0,0,2.68222,0,0,0
858,1.4346,0,0,0.0208,0.0438,2.3,0,0,0,0,2.68222,0,0,0
859,1.4346,0,0,0.0206,0.0443,2.3,0,0,0,0,2.68222,0,0,0
860,1.4346,0,0,0.0203,0.0445,2.3,0,0,0,0,2.68222,0,0,0
861,1.4346,0,0,0.0201,0.0447,2.3,0,0,0,0,2.68222,0,0,0
862,1.4346,0,0,0.0198,0.0451,2.3,0,0,0,0,2.68222,0,0,0
863,1.4346,0,0,0.0196,0.0453,2.3,0,0,0,0,2.68222,0,0,0
864,1.4346,0,0,0.0194,0.0455,2.3,0,0,0,0,2.68222,0,0,0
865,1.4345,0,0,0.0192,0.0461,2.3,0,0,0,0,2.68222,0,0,0
866,1.4345,0,0,0.0189,0.0466,2.3,0,0,0,0,2.68222,0,0,0
867,1.4345,0,0,0.0187,0.0469,2.3,0,0,0,0,2.68222,0,0,0
868,1.4345,0,0,0.0185,0.0471,2.3,0,0,0,0,2.68222,0,0,0
869,1.4345,0,0,0.0183,0.0471,2.3,0,0,0,0,2.68222,0,0,0
870,1.4345,0,0,0.018,0.0475,2.3,0,0,0,0,2.68222,0,0,0
871,1.4344,0,0,0.0178,0.0483,2.3,0,0,0,0,2.68222,0,0,0
872,1.4344,0,0,0.0176,0.0487,2.3,0,0,0,0,2.68222,0,0,0
873,1.4344,0,0,0.0174,0.0489,2.3,0,0,0,0,2.68222,0,0,0
874,1.4344,0,0,0.0172,0.0496,2.3,0,0,0,0,2.68222,0,0,0
875,1.4344,0,0,0.017,0.0501,2.3,0,0,0,0,2.68222,0,0,0
876,1.4343,0,0,0.0168,0.0505,2.3,0,0,0,0,2.68222,0,0,0
877,1.4343,0,0,0.0166,0.0512,2.3,0,0,0,0,2.68222,0,0,0
878,1.4343,0,0,0.0164,0.0515,2.3,0,0,0,0,2.68222,0,0,0
879,1.4343,0,0,0.0162,0.052,2.3,0,0,0,0,2.68222,0,0,0
880,1.4342,0,0,0.016,0.053,2.3,0,0,0,0,2.68222,0,0,0
881,1.4342,0,0,0.0159,0.0535,2.3,0,0,0,0,2.68222,0,0,0
882,1.4342,0,0,0.0157,0.0539,2.3,0,0,0,0,2.68222,0,0,0
883,1.4341,0,0,0.0155,0.0547,2.3,0,0,0,0,2.68222,0,0,0
884,1.4341,0,0,0.0153,0.0553,2.3,0,0,0,0,2.68222,0,0,0
885,1.4341,0,0,0.0152,0.0557,2.3,0,0,0,0,2.68222,0,0,0
886,1.4341,0,0,0.015,0.056,2.3,0,0,0,0,2.68222,0,0,0
887,1.434,0,0,0.0148,0.0565,2.3,0,0,0,0,2.68222,0,0,0
888,1.434,0,0,0.0146,0.0575,2.3,0,0,0,0,2.68222,0,0,0
889,1.434,0,0,0.0145,0.0579,2.3,0,0,0,0,2.68222,0,0,0
890,1.434,0,0,0.0143,0.0583,2.3,0,0,0,0,2.68222,0,0,0
891,1.4339,0,0,0.0141,0.0592,2.3,0,0,0,0,2.68222,0,0,0
892,1.4339,0,0,0.014,0.0598,2.3,0,0,0,0,2.68222,0,0,0
893,1.4339,0,0,0.0139,0.0601,2.3,0,0,0,0,2.68222,0,0,0
894,1.4338,0,0,0.0137,0.0604,2.3,0,0,0,0,2.68222,0,0,0
895,1.4338,0,0,0.0136,0.0609,2.3,0,0,0,0,2.68222,0,0,0
896,1.4338,0,0,0.0134,0.0619,2.3,0,0,0,0,2.68222,0,0,0
897,1.4337,0,0,0.0133,0.0623,2.3,0,0,0,0,2.68222,0,0,0
898,1.4337,0,0,0.0131,0.0627,2.3,0,0,0,0,2.68222,0,0,0
899,1.4337,0,0,0.013,0.0636,2.3,0,0,0,0,2.68222,0,0,0
900,1.4337,0,0,0.0129,0.0641,2.3,0,0,0,0,2.68222,0,0,0
901,1.4336,0,0,0.0128,0.0646,2.3,0,0,0,0,2.68222,0,0,0
902,1.4336,0,0,0.0127,0.0656,2.3,0,0,0,0,2.68222,0,0,0
903,1.4336,0,0,0.0126,0.0664,2.3,0,0,0,0,2.68222,0,0,0
904,1.4335,0,0,0.0125,0.0667,2.3,0,0,0,0,2.68222,0,0,0
905,1.4335,0,0,0.0124,0.067,2.3,0,0,0,0,2.68222,0,0,0
906,1.4335,0,0,0.0123,0.0677,2.3,0,0,0,0,2.68222,0,0,0
907,1.4335,0,0,0.0122,0.069,2.3,0,0,0,0,2.68222,0,0,0
908,1.4334,0,0,0.0121,0.0699,2.3,0,0,0,0,2.68222,0,0,0
909,1.4334,0,0,0.012,0.0704,2.3,0,0,0,0,2.68222,0,0,0
910,1.4334,0,0,0.0119,0.0709,2.3,0,0,0,0,2.68222,0,0,0
911,1.4334,0,0,0.0118,0.0719,2.3,0,0,0,0,2.68222,0,0,0
912,1.4333,0,0,0.0117,0.0736,2.3,0,0,0,0,2.68222,0,0,0
913,1.4333,0,0,0.0116,0.0749,2.3,0,0,0,0,2.68222,0,0,0
914,1.4333,0,0,0.0115,0.0756,2.3,0,0,0,0,2.68222,0,0,0
915,1.4332,0,0,0.0114,0.0763,2.3,0,0,0,0,2.68222,0,0,0
916,1.4332,0,0,0.0113,0.0779,2.3,0,0,0,0,2.68222,0,0,0
917,1.4332,0,0,0.0112,0.0809,2.3,0,0,0,0,2.68222,0,0,0
918,1.4331,0,0,0.0111,0.0829,2.3,0,0,0,0,2.68222,0,0,0
919,1.4331,0,0,0.011,0.0841,2.3,0,0,0,0,2.68222,0,0,0
920,1.4331,0,0,0.0109,0.0853,2.3,0,0,0,0,2.68222,0,0,0
921,1.433,0,0,0.0108,0.088,2.3,0,0,0,0,2.68222,0,0,0
922,1.433,0,0,0.0107,0.0927,2.3,0,0,0,0,2.68222,0,0,0
923,1.4329,0,0,0.0106,0.0958,2.3,0,0,0,0,2.68222,0,0,0
924,1.4329,0,0,0.0105,0.0982,2.3,0,0,0,0,2.68222,0,0,0
925,1.4329,0,0,0.0104,0.101,2.3,0,0,0,0,2.68222,0,0,0
926,1.4328,0,0,0.0103,0.104,2.3,0,0,0,0,2.68222,0,0,0
927,1.4328,0,0,0.0102,0.107,2.3,0,0,0,0,2.68222,0,0,0
928,1.4327,0,0,0.0101,0.111,2.3,0,0,0,0,2.68222,0,0,0
929,1.4327,0,0,0.00998,0.119,2.3,0,0,0,0,2.68222,0,0,0
930,1.4327,0,0,0.00988,0.125,2.3,0,0,0,0,2.68222,0,0,0
931,1.4326,0,0,0.00979,0.128,2.3,0,0,0,0,2.68222,0,0,0
932,1.4326,0,0,0.00969,0.133,2.3,0,0,0,0,2.68222,0,0,0
933,1.4325,0,0,0.0096,0.137,2.3,0,0,0,0,2.68222,0,0,0
934,1.4325,0,0,0.0095,0.141,2.3,0,0,0,0,2.68222,0,0,0
935,1.4324,0,0,0.0094,0.147,2.3,0,0,0,0,2.68222,0,0,0
936,1.4324,0,0,0.00931,0.156,2.3,0,0,0,0,2.68222,0,0,0
937,1.4324,0,0,0.00921,0.164,2.3,0,0,0,0,2.68222,0,0,0
938,1.4323,0,0,0.00912,0.169,2.3,0,0,0,0,2.68222,0,0,0
939,1.4323,0,0,0.00903,0.173,2.3,0,0,0,0,2.68222,0,0,0
940,1.4322,0,0,0.00893,0.182,2.3,0,0,0,0,2.68222,0,0,0
941,1.4322,0,0,0.00884,0.196,2.3,0,0,0,0,2.68222,0,0,0
942,1.4322,0,0,0.00874,0.205,2.3,0,0,0,0,2.68222,0,0,0
943,1.4321,0,0,0.00865,0.211,2.3,0,0,0,0,2.68222,0,0,0
944,1.4321,0,0,0.00856,0.219,2.3,0,0,0,0,2.68222,0,0,0
945,1.432,0,0,0.00846,0.229,2.3,0,0,0,0,2.68222,0,0,0
946,1.432,0,0,0.00837,0.239,2.3,0,0,0,0,2.68222,0,0,0
947,1.432,0,0,0.00828,0.247,2.3,0,0,0,0,2.68222,0,0,0
948,1.4319,0,0,0.00819,0.254,2.3,0,0,0,0,2.68222,0,0,0
949,1.4319,0,0,0.0081,0.27,2.3,0,0,0,0,2.68222,0,0,0
950,1.4318,0,0,0.008,0.298,2.3,0,0,0,0,2.68222,0,0,0
951,1.4318,0,0,0.00791,0.315,2.3,0,0,0,0,2.68222,0,0,0
952,1.4317,0,0,0.00782,0.327,2.3,0,0,0,0,2.68222,0,0,0
953,1.4317,0,0,0.00773,0.344,2.3,0,0,0,0,2.68222,0,0,0
954,1.4316,0,0,0.00764,0.362,2.3,0,0,0,0,2.68222,0,0,0
955,1.4316,0,0,0.00755,0.379,2.3,0,0,0,0,2.68222,0,0,0
956,1.4316,0,0,0.00746,0.393,2.3,0,0,0,0,2.68222,0,0,0
957,1.4315,0,0,0.00737,0.407,2.3,0,0,0,0,2.68222,0,0,0
958,1.4315,0,0,0.00728,0.418,2.3,0,0,0,0,2.68222,0,0,0
959,1.4314,0,0,0.0072,0.427,2.3,0,0,0,0,2.68222,0,0,0
960,1.4313,0,0,0.00711,0.439,2.3,0,0,0,0,2.68222,0,0,0
961,1.4313,0,0,0.00702,0.454,2.3,0,0,0,0,2.68222,0,0,0
962,1.4312,0,0,0.00693,0.461,2.3,0,0,0,0,2.68222,0,0,0
963,1.4312,0,0,0.00684,0.463,2.3,0,0,0,0,2.68222,0,0,0
964,1.4311,0,0,0.00676,0.466,2.3,0,0,0,0,2.68222,0,0,0
965,1.4311,0,0,0.00667,0.47,2.3,0,0,0,0,2.68222,0,0,0
966,1.431,0,0,0.00659,0.473,2.3,0,0,0,0,2.68222,0,0,0
967,1.431,0,0,0.0065,0.476,2.3,0,0,0,0,2.68222,0,0,0
968,1.4309,0,0,0.00641,0.477,2.3,0,0,0,0,2.68222,0,0,0
969,1.4309,0,0,0.00633,0.479,2.3,0,0,0,0,2.68222,0,0,0
970,1.4308,0,0,0.00624,0.48,2.3,0,0,0,0,2.68222,0,0,0
971,1.4307,0,0,0.00616,0.481,2.3,0,0,0,0,2.68222,0,0,0
972,1.4307,0,0,0.00608,0.483,2.3,0,0,0,0,2.68222,0,0,0
973,1.4306,0,0,0.00599,0.484,2.3,0,0,0,0,2.68222,0,0,0
974,1.4306,0,0,0.00591,0.486,2.3,0,0,0,0,2.68222,0,0,0
975,1.4305,0,0,0.00583,0.487,2.3,0,0,0,0,2.68222,0,0,0
976,1.4304,0,0,0.00575,0.487,2.3,0,0,0,0,2.68222,0,0,0
977,1.4304,0,0,0.00566,0.486,2.3,0,0,0,0,2.68222,0,0,0
978,1.4303,0,0,0.00558,0.486,2.3,0,0,0,0,2.68222,0,0,0
979,1.4302,0,0,0.0055,0.484,2.3,0,0,0,0,2.68222,0,0,0
980,1.4302,0,0,0.00542,0.482,2.3,0,0,0,0,2.68222,0,0,0
981,1.4301,0,0,0.00534,0.48,2.3,0,0,0,0,2.68222,0,0,0
982,1.43,0,0,0.00526,0.479,2.3,0,0,0,0,2.68222,0,0,0
983,1.43,0,0,0.00518,0.476,2.3,0,0,0,0,2.68222,0,0,0
984,1.4299,0,0,0.0051,0.474,2.3,0,0,0,0,2.68222,0,0,0
985,1.4298,0,0,0.00502,0.471,2.3,0,0,0,0,2.68222,0,0,0
986,1.4298,0,0,0.00495,0.468,2.3,0,0,0,0,2.68222,0,0,0
987,1.4297,0,0,0.00487,0.464,2.3,0,0,0,0,2.68222,0,0,0
988,1.4296,0,0,0.00479,0.46,2.3,0,0,0,0,2.68222,0,0,0
989,1.4296,0,0,0.00471,0.457,2.3,0,0,0,0,2.68222,0,0,0
990,1.4295,0,0,0.00464,0.453,2.3,0,0,0,0,2.68222,0,0,0
991,1.4294,0,0,0.00456,0.448,2.3,0,0,0,0,2.68222,0,0,0
992,1.4293,0,0,0.00449,0.443,2.3,0,0,0,0,2.68222,0,0,0
993,1.4293,0,0,0.00441,0.44,2.3,0,0,0,0,2.68222,0,0,0
994,1.4292,0,0,0.00434,0.436,2.3,0,0,0,0,2.68222,0,0,0
995,1.4291,0,0,0.00426,0.432,2.3,0,0,0,0,2.68222,0,0,0
996,1.429,0,0,0.00419,0.427,2.3,0,0,0,0,2.68222,0,0,0
997,1.429,0,0,0.00412,0.422,2.3,0,0,0,0,2.68222,0,0,0
998,1.4289,0,0,0.00404,0.417,2.3,0,0,0,0,2.68222,0,0,0
999,1.4288,0,0,0.00397,0.412,2.3,0,0,0,0,2.68222,0,0,0
1000,1.4287,0,0,0.0039,0.407,2.3,0,0,0,0,2.68222,0,0,0
1001,1.4286,0,0,0.00383,0.402,2.3,0,0,0,0,2.68222,0,0,0
1002,1.4286,0,0,0.00376,0.396,2.3,0,0,0,0,2.68222,0,0,0
1003,1.4285,0,0,0.00369,0.392,2.3,0,0,0,0,2.68222,0,0,0
1004,1.4284,0,0,0.00362,0.387,2.3,0,0,0,0,2.68222,0,0,0
1005,1.4283,0,0,0.00355,0.382,2.3,0,0,0,0,2.68222,0,0,0
1006,1.4282,0,0,0.00348,0.376,2.3,0,0,0,0,2.68222,0,0,0
1007,1.4281,0,0,0.00342,0.37,2.3,0,0,0,0,2.68222,0,0,0
1008,1.4281,0,0,0.00335,0.364,2.3,0,0,0,0,2.68222,0,0,0
1009,1.428,0,0,0.00328,0.358,2.3,0,0,0,0,2.68222,0,0,0
1010,1.4279,0,0,0.00322,0.352,2.3,0,0,0,0,2.68222,0,0,0
1011,1.4278,0,0,0.00315,0.346,2.3,0,0,0,0,2.68222,0,0,0
1012,1.4277,0,0,0.00309,0.34,2.3,0,0,0,0,2.68222,0,0,0
1013,1.4276,0,0,0.00302,0.335,2.3,0,0,0,0,2.68222,0,0,0
1014,1.4275,0,0,0.00296,0.33,2.3,0,0,0,0,2.68222,0,0,0
1015,1.4274,0,0,0.00289,0.324,2.3,0,0,0,0,2.68222,0,0,0
1016,1.4273,0,0,0.00283,0.319,2.3,0,0,0,0,2.68222,0,0,0
1017,1.4273,0,0,0.00277,0.314,2.3,0,0,0,0,2.68222,0,0,0
1018,1.4272,0,0,0.00271,0.309,2.3,0,0,0,0,2.68222,0,0,0
1019,1.4271,0,0,0.00265,0.302,2.3,0,0,0,0,2.68222,0,0,0
1020,1.427,0,0,0.00259,0.296,2.3,0,0,0,0,2.68222,0,0,0
1021,1.4269,0,0,0.00253,0.29,2.3,0,0,0,0,2.68222,0,0,0
1022,1.4268,0,0,0.00247,0.284,2.3,0,0,0,0,2.68222,0,0,0
1023,1.4267,0,0,0.00241,0.278,2.3,0,0,0,0,2.68222,0,0,0
1024,1.4266,0,0,0.00235,0.272,2.3,0,0,0,0,2.68222,0,0,0
1025,1.4265,0,0,0.00229,0.267,2.3,0,0,0,0,2.68222,0,0,0
1026,1.4264,0,0,0.00223,0.262,2.3,0,0,0,0,2.68222,0,0,0
1027,1.4264,0,0,0.00218,0.257,2.3,0,0,0,0,2.68222,0,0,0
1028,1.4263,0,0,0.00212,0.251,2.3,0,0,0,0,2.68222,0,0,0
1029,1.4262,0,0,0.00207,0.244,2.3,0,0,0,0,2.68222,0,0,0
1030,1.4261,0,0,0.00201,0.239,2.3,0,0,0,0,2.68222,0,0,0
1031,1.426,0,0,0.00196,0.236,2.3,0,0,0,0,2.68222,0,0,0
1032,1.4259,0,0,0.00191,0.233,2.3,0,0,0,0,2.68222,0,0,0
1033,1.4258,0,0,0.00185,0.23,2.3,0,0,0,0,2.68222,0,0,0
1034,1.4257,0,0,0.0018,0.225,2.3,0,0,0,0,2.68222,0,0,0
1035,1.4256,0,0,0.00175,0.22,2.3,0,0,0,0,2.68222,0,0,0
1036,1.4255,0,0,0.0017,0.215,2.3,0,0,0,0,2.68222,0,0,0
1037,1.4254,0,0,0.00165,0.211,2.3,0,0,0,0,2.68222,0,0,0
1038,1.4253,0,0,0.0016,0.206,2.3,0,0,0,0,2.68222,0,0,0
1039,1.4252,0,0,0.00155,0.202,2.3,0,0,0,0,2.68222,0,0,0
1040,1.4251,0,0,0.0015,0.198,2.3,0,0,0,0,2.68222,0,0,0
1041,1.425,0,0,0.00146,0.194,2.3,0,0,0,0,2.68222,0,0,0
1042,1.4249,0,0,0.00141,0.19,2.3,0,0,0,0,2.68222,0,0,0
1043,1.4248,0,0,0.00136,0.187,2.3,0,0,0,0,2.68222,0,0,0
1044,1.4247,0,0,0.00132,0.184,2.3,0,0,0,0,2.68222,0,0,0
1045,1.4246,0,0,0.00127,0.182,2.3,0,0,0,0,2.68222,0,0,0
1046,1.4245,0,0,0.00123,0.179,2.3,0,0,0,0,2.68222,0,0,0
1047,1.4244,0,0,0.00119,0.175,2.3,0,0,0,0,2.68222,0,0,0
1048,1.4243,0,0,0.00114,0.172,2.3,0,0,0,0,2.68222,0,0,0
1049,1.4241,0,0,0.0011,0.169,2.3,0,0,0,0,2.68222,0,0,0
1050,1.424,0,0,0.00106,0.166,2.3,0,0,0,0,2.68222,0,0,0
1051,1.4239,0,0,0.00102,0.164,2.3,0,0,0,0,2.68222,0,0,0
1052,1.4238,0,0,0.000981,0.161,2.3,0,0,0,0,2.68222,0,0,0
1053,1.4237,0,0,0.000942,0.159,2.3,0,0,0,0,2.68222,0,0,0
1054,1.4236,0,0,0.000904,0.156,2.3,0,0,0,0,2.68222,0,0,0
1055,1.4235,0,0,0.000867,0.155,2.3,0,0,0,0,2.68222,0,0,0
1056,1.4234,0,0,0.00083,0.153,2.3,0,0,0,0,2.68222,0,0,0
1057,1.4233,0,0,0.000794,0.152,2.3,0,0,0,0,2.68222,0,0,0
1058,1.4232,0,0,0.000758,0.151,2.3,0,0,0,0,2.68222,0,0,0
1059,1.4231,0,0,0.000724,0.15,2.3,0,0,0,0,2.68222,0,0,0
1060,1.4229,0,0,0.00069,0.148,2.3,0,0,0,0,2.68222,0,0,0
1061,1.4228,0,0,0.000657,0.146,2.3,0,0,0,0,2.68222,0,0,0
1062,1.4227,0,0,0.000625,0.145,2.3,0,0,0,0,2.68222,0,0,0
1063,1.4226,0,0,0.000593,0.144,2.3,0,0,0,0,2.68222,0,0,0
1064,1.4225,0,0,0.000563,0.144,2.3,0,0,0,0,2.68222,0,0,0
1065,1.4224,0,0,0.000533,0.143,2.3,0,0,0,0,2.68222,0,0,0
1066,1.4223,0,0,0.000503,0.143,2.3,0,0,0,0,2.68222,0,0,0
1067,1.4222,0,0,0.000475,0.142,2.3,0,0,0,0,2.68222,0,0,0
1068,1.4221,0,0,0.000447,0.141,2.3,0,0,0,0,2.68222,0,0,0
1069,1.4219,0,0,0.000421,0.141,2.3,0,0,0,0,2.68222,0,0,0
1070,1.4218,0,0,0.000394,0.141,2.3,0,0,0,0,2.68222,0,0,0
1071,1.4217,0,0,0.000369,0.141,2.3,0,0,0,0,2.68222,0,0,0
1072,1.4216,0,0,0.000345,0.141,2.3,0,0,0,0,2.68222,0,0,0
1073,1.4215,0,0,0.000321,0.141,2.3,0,0,0,0,2.68222,0,0,0
1074,1.4214,0,0,0.000298,0.141,2.3,0,0,0,0,2.68222,0,0,0
1075,1.4212,0,0,0.000276,0.141,2.3,0,0,0,0,2.68222,0,0,0
1076,1.4211,0,0,0.000255,0.143,2.3,0,0,0,0,2.68222,0,0,0
1077,1.421,0,0,0.000234,0.144,2.3,0,0,0,0,2.68222,0,0,0
1078,1.4209,0,0,0.000215,0.144,2.3,0,0,0,0,2.68222,0,0,0
1079,1.4208,0,0,0.000196,0.144,2.3,0,0,0,0,2.68222,0,0,0
1080,1.4207,0,0,0.000178,0.144,2.3,0,0,0,0,2.68222,0,0,0
1081,1.4205,0,0,0.000161,0.146,2.3,0,0,0,0,2.68222,0,0,0
1082,1.4204,0,0,0.000145,0.148,2.3,0,0,0,0,2.68222,0,0,0
1083,1.4203,0,0,0.000129,0.15,2.3,0,0,0,0,2.68222,0,0,0
1084,1.4202,0,0,0.000115,0.152,2.3,0,0,0,0,2.68222,0,0,0
1085,1.4201,0,0,0.000101,0.153,2.3,0,0,0,0,2.68222,0,0,0
1086,1.42,0,0,8.8e-05,0.155,2.3,0,0,0,0,2.68222,0,0,0
1087,1.4198,0,0,7.6e-05,0.156,2.3,0,0,0,0,2.68222,0,0,0
1088,1.4197,0,0,6.49e-05,0.158,2.3,0,0,0,0,2.68222,0,0,0
1089,1.4196,0,0,5.46e-05,0.16,2.3,0,0,0,0,2.68222,0,0,0
1090,1.4195,0,0,4.52e-05,0.163,2.3,0,0,0,0,2.68222,0,0,0
1091,1.4194,0,0,3.67e-05,0.166,2.3,0,0,0,0,2.68222,0,0,0
1092,1.4192,0,0,2.9e-05,0.168,2.3,0,0,0,0,2.68222,0,0,0
1093,1.4191,0,0,2.23e-05,0.169,2.3,0,0,0,0,2.68222,0,0,0
1094,1.419,0,0,1.64e-05,0.171,2.3,0,0,0,0,2.68222,0,0,0
1095,1.4189,0,0,1.14e-05,0.174,2.3,0,0,0,0,2.68222,0,0,0
1096,1.4188,0,0,7.3e-06,0.178,2.3,0,0,0,0,2.68222,0,0,0
1097,1.4187,0,0,4.11e-06,0.182,2.3,0,0,0,0,2.68222,0,0,0
1098,1.4185,0,0,1.83e-06,0.187,2.3,0,0,0,0,2.68222,0,0,0
1099,1.4184,0,0,4.58e-07,0.189,2.3,0,0,0,0,2.68222,0,0,0
1100,1.4183,0,0,0,0.191,2.3,0,0,0,0,2.68222,0,0,0
1101,1.4182,0,0,0,0.193,2.3,0,0,0,0,2.68222,0,0,0
1102,1.4181,0,0,0,0.197,2.3,0,0,0,0,2.68222,0,0,0
1103,1.418,0,0,0,0.201,2.3,0,0,0,0,2.68222,0,0,0
1104,1.4178,0,0,0,0.203,2.3,0,0,0,0,2.68222,0,0,0
1105,1.4177,0,0,0,0.205,2.3,0,0,0,0,2.68222,0,0,0
1106,1.4176,0,0,0,0.208,2.3,0,0,0,0,2.68222,0,0,0
1107,1.4175,0,0,0,0.212,2.3,0,0,0,0,2.68222,0,0,0
1108,1.4174,0,0,0,0.217,2.3,0,0,0,0,2.68222,0,0,0
1109,1.4172,0,0,0,0.22,2.3,0,0,0,0,2.68222,0,0,0
1110,1.4171,0,0,0,0.222,2.3,0,0,0,0,2.68222,0,0,0
1111,1.417,0,0,0,0.225,2.3,0,0,0,0,2.68222,0,0,0
1112,1.4169,0,0,0,0.23,2.3,0,0,0,0,2.68222,0,0,0
1113,1.4168,0,0,0,0.234,2.3,0,0,0,0,2.68222,0,0,0
1114,1.4167,0,0,0,0.235,2.3,0,0,0,0,2.68222,0,0,0
1115,1.4165,0,0,0,0.234,2.3,0,0,0,0,2.68222,0,0,0
1116,1.4164,0,0,0,0.235,2.3,0,0,0,0,2.68222,0,0,0
1117,1.4163,0,0,0,0.24,2.3,0,0,0,0,2.68222,0,0,0
1118,1.4162,0,0,0,0.245,2.3,0,0,0,0,2.68222,0,0,0
1119,1.4161,0,0,0,0.249,2.3,0,0,0,0,2.68222,0,0,0
1120,1.416,0,0,0,0.253,2.3,0,0,0,0,2.68222,0,0,0
1121,1.4158,0,0,0,0.258,2.3,0,0,0,0,2.68222,0,0,0
1122,1.4157,0,0,0,0.265,2.3,0,0,0,0,2.68222,0,0,0
1123,1.4156,0,0,0,0.272,2.3,0,0,0,0,2.68222,0,0,0
1124,1.4155,0,0,0,0.277,2.3,0,0,0,0,2.68222,0,0,0
1125,1.4154,0,0,0,0.281,2.3,0,0,0,0,2.68222,0,0,0
1126,1.4153,0,0,0,0.289,2.3,0,0,0,0,2.68222,0,0,0
1127,1.4151,0,0,0,0.302,2.3,0,0,0,0,2.68222,0,0,0
1128,1.415,0,0,0,0.316,2.3,0,0,0,0,2.68222,0,0,0
1129,1.4149,0,0,0,0.327,2.3,0,0,0,0,2.68222,0,0,0
1130,1.4148,0,0,0,0.338,2.3,0,0,0,0,2.68222,0,0,0
1131,1.4147,0,0,0,0.353,2.3,0,0,0,0,2.68222,0,0,0
1132,1.4146,0,0,0,0.377,2.3,0,0,0,0,2.68222,0,0,0
1133,1.4145,0,0,0,0.404,2.3,0,0,0,0,2.68222,0,0,0
1134,1.4144,0,0,0,0.428,2.3,0,0,0,0,2.68222,0,0,0
1135,1.4143,0,0,0,0.45,2.3,0,0,0,0,2.68222,0,0,0
1136,1.4141,0,0,0,0.471,2.3,0,0,0,0,2.68222,0,0,0
1137,1.414,0,0,0,0.493,2.3,0,0,0,0,2.68222,0,0,0
1138,1.4139,0,0,0,0.52,2.3,0,0,0,0,2.68222,0,0,0
1139,1.4138,0,0,0,0.557,2.3,0,0,0,0,2.68222,0,0,0
1140,1.4137,0,0,0,0.605,2.3,0,0,0,0,2.68222,0,0,0
1141,1.4136,0,0,0,0.652,2.3,0,0,0,0,2.68222,0,0,0
1142,1.4135,0,0,0,0.686,2.3,0,0,0,0,2.68222,0,0,0
1143,1.4134,0,0,0,0.716,2.3,0,0,0,0,2.68222,0,0,0
1144,1.4133,0,0,0,0.754,2.3,0,0,0,0,2.68222,0,0,0
1145,1.4131,0,0,0,0.806,2.3,0,0,0,0,2.68222,0,0,0
1146,1.413,0,0,0,0.86,2.3,0,0,0,0,2.68222,0,0,0
1147,1.4129,0,0,0,0.898,2.3,0,0,0,0,2.68222,0,0,0
1148,1.4128,0,0,0,0.925,2.3,0,0,0,0,2.68222,0,0,0
1149,1.4127,0,0,0,0.949,2.3,0,0,0,0,2.68222,0,0,0
1150,1.4126,0,0,0,0.977,2.3,0,0,0,0,2.68222,0,0,0
1151,1.4125,0,0,0,1.01,2.3,0,0,0,0,2.68222,0,0,0
1152,1.4124,0,0,0,1.04,2.3,0,0,0,0,2.68222,0,0,0
1153,1.4122,0,0,0,1.07,2.3,0,0,0,0,2.68222,0,0,0
1154,1.4121,0,0,0,1.1,2.3,0,0,0,0,2.68222,0,0,0
1155,1.412,0,0,0,1.12,2.3,0,0,0,0,2.68222,0,0,0
1156,1.4119,0,0,0,1.13,2.3,0,0,0,0,2.68222,0,0,0
1157,1.4118,0,0,0,1.14,2.3,0,0,0,0,2.68222,0,0,0
1158,1.4117,0,0,0,1.15,2.3,0,0,0,0,2.68222,0,0,0
1159,1.4116,0,0,0,1.16,2.3,0,0,0,0,2.68222,0,0,0
1160,1.4115,0,0,0,1.17,2.3,0,0,0,0,2.68222,0,0,0
1161,1.4114,0,0,0,1.18,2.3,0,0,0,0,2.68222,0,0,0
1162,1.4113,0,0,0,1.19,2.3,0,0,0,0,2.68222,0,0,0
1163,1.4112,0,0,0,1.19,2.3,0,0,0,0,2.68222,0,0,0
1164,1.4111,0,0,0,1.2,2.3,0,0,0,0,2.68222,0,0,0
1165,1.4109,0,0,0,1.2,2.3,0,0,0,0,2.68222,0,0,0
1166,1.4108,0,0,0,1.2,2.3,0,0,0,0,2.68222,0,0,0
1167,1.4107,0,0,0,1.2,2.3,0,0,0,0,2.68222,0,0,0
1168,1.4106,0,0,0,1.21,2.3,0,0,0,0,2.68222,0,0,0
1169,1.4105,0,0,0,1.21,2.3,0,0,0,0,2.68222,0,0,0
1170,1.4104,0,0,0,1.21,2.3,0,0,0,0,2.68222,0,0,0
1171,1.4103,0,0,0,1.21,2.3,0,0,0,0,2.68222,0,0,0
1172,1.4102,0,0,0,1.22,2.3,0,0,0,0,2.68222,0,0,0
1173,1.4101,0,0,0,1.23,2.3,0,0,0,0,2.68222,0,0,0
1174,1.41,0,0,0,1.23,2.3,0,0,0,0,2.68222,0,0,0
1175,1.4099,0,0,0,1.23,2.3,0,0,0,0,2.68222,0,0,0
1176,1.4098,0,0,0,1.23,2.3,0,0,0,0,2.68222,0,0,0
1177,1.4097,0,0,0,1.23,2.3,0,0,0,0,2.68222,0,0,0
1178,1.4096,0,0,0,1.23,2.3,0,0,0,0,2.68222,0,0,0
1179,1.4095,0,0,0,1.24,2.3,0,0,0,0,2.68222,0,0,0
1180,1.4094,0,0,0,1.24,2.3,0,0,0,0,2.68222,0,0,0
1181,1.4093,0,0,0,1.24,2.3,0,0,0,0,2.68222,0,0,0
1182,1.4091,0,0,0,1.24,2.3,0,0,0,0,2.68222,0,0,0
1183,1.409,0,0,0,1.25,2.3,0,0,0,0,2.68222,0,0,0
1184,1.4089,0,0,0,1.25,2.3,0,0,0,0,2.68222,0,0,0
1185,1.4088,0,0,0,1.26,2.3,0,0,0,0,2.68222,0,0,0
1186,1.4087,0,0,0,1.26,2.3,0,0,0,0,2.68222,0,0,0
1187,1.4086,0,0,0,1.26,2.3,0,0,0,0,2.68222,0,0,0
1188,1.4085,0,0,0,1.26,2.3,0,0,0,0,2.68222,0,0,0
1189,1.4084,0,0,0,1.27,2.3,0,0,0,0,2.68222,0,0,0
1190,1.4083,0,0,0,1.27,2.3,0,0,0,0,2.68222,0,0,0
1191,1.4082,0,0,0,1.27,2.3,0,0,0,0,2.68222,0,0,0
1192,1.4081,0,0,0,1.27,2.3,0,0,0,0,2.68222,0,0,0
1193,1.408,0,0,0,1.28,2.3,0,0,0,0,2.68222,0,0,0
1194,1.4079,0,0,0,1.28,2.3,0,0,0,0,2.68222,0,0,0
1195,1.4078,0,0,0,1.28,2.3,0,0,0,0,2.68214,0,0,0
1196,1.4077,0,0,0,1.28,2.3,0,0,0,0,2.68212,0,0,0
1197,1.4076,0,0,0,1.28,2.3,0,0,0,0,2.68209,0,0,0
1198,1.4075,0,0,0,1.28,2.3,0,0,0,0,2.68208,0,0,0
1199,1.4074,0,0,0,1.28,2.3,0,0,0,0,2.68208,0,0,0
1200,1.4073,0,0,0,1.27,2.3,0,0,0,0,2.68226,0,0,0
1201,1.4072,0,0,0,1.27,2.3,0,0,0,0,2.68256,0,0,0
1202,1.4071,0,0,0,1.27,2.3,0,0,0,0,2.68306,0,0,0
1203,1.407,0,0,0,1.27,2.3,0,0,0,0,2.6838,0,0,0
1204,1.4069,0,0,0,1.27,2.3,0,0,0,0,2.68474,0,0,0
1205,1.4068,0,0,0,1.27,2.3,0,0,0,0,2.68603,0,0,0
1206,1.4067,0,0,0,1.27,2.31,0,0,0,0,2.68759,0,0,0
1207,1.4066,0,0,0,1.26,2.31,0,0,0,0,2.68942,0,0,0
1208,1.4065,0,0,0,1.26,2.31,0,0,0,0,2.69144,0,0,0
1209,1.4064,0,0,0,1.26,2.31,0,0,0,0,2.69378,0,0,0
1210,1.4063,0,0,0,1.26,2.31,0,0,0,0,2.69642,0,0,0
1211,1.4062,0,0,0,1.25,2.32,0,0,0,0,2.69925,0,0,0
1212,1.4061,0,0,0,1.25,2.32,0,0,0,0,2.70236,0,0,0
1213,1.406,0,0,0,1.24,2.32,0,0,0,0,2.70573,0,0,0
1214,1.4059,0,0,0,1.24,2.32,0,0,0,0,2.70945,0,0,0
1215,1.4058,0,0,0,1.24,2.33,0,0,0,0,2.71338,0,0,0
1216,1.4057,0,0,0,1.24,2.33,0,0,0,0,2.71746,0,0,0
1217,1.4056,0,0,0,1.23,2.33,0,0,0,0,2.72173,0,0,0
1218,1.4055,0,0,0,1.22,2.34,0,0,0,0,2.72616,0,0,0
1219,1.4053,0,0,0,1.22,2.34,0,0,0,0,2.73087,0,0,0
1220,1.4052,0,0,0,1.21,2.35,0,0,0,0,2.73571,0,0,0
1221,1.4051,0,0,0,1.21,2.35,0,0,0,0,2.74074,0,0,0
1222,1.405,0,0,0,1.21,2.35,0,0,0,0,2.74591,0,0,0
1223,1.4049,0,0,0,1.21,2.36,0,0,0,0,2.75124,0,0,0
1224,1.4048,0,0,0,1.21,2.36,0,0,0,0,2.75674,0,0,0
1225,1.4047,0,0,0,1.2,2.37,0,0,0,0,2.76236,0,0,0
1226,1.4046,0,0,0,1.2,2.37,0,0,0,0,2.76815,0,0,0
1227,1.4045,0,0,0,1.2,2.38,0,0,0,0,2.77411,0,0,0
1228,1.4044,0,0,0,1.2,2.38,0,0,0,0,2.78031,0,0,0
1229,1.4043,0,0,0,1.19,2.39,0,0,0,0,2.7865,0,0,0
1230,1.4042,0,0,0,1.19,2.4,0,0,0,0,2.79277,0,0,0
1231,1.4041,0,0,0,1.18,2.4,0,0,0,0,2.79922,0,0,0
1232,1.404,0,0,0,1.18,2.41,0,0,0,0,2.80584,0,0,0
1233,1.4039,0,0,0,1.18,2.41,0,0,0,0,2.81262,0,0,0
1234,1.4037,0,0,0,1.17,2.42,0,0,0,0,2.81944,0,0,0
1235,1.4036,0,0,0,1.17,2.42,0,0,0,0,2.82642,0,0,0
1236,1.4035,0,0,0,1.16,2.43,0,0,0,0,2.8335,0,0,0
1237,1.4034,0,0,0,1.16,2.44,0,0,0,0,2.84054,0,0,0
1238,1.4033,0,0,0,1.16,2.44,0,0,0,0,2.84776,0,0,0
1239,1.4032,0,0,0,1.16,2.45,0,0,0,0,2.85491,0,0,0
1240,1.4031,0,0,0,1.16,2.45,0,0,0,0,2.86221,0,0,0
1241,1.403,0,0,0,1.15,2.46,0,0,0,0,2.86953,0,0,0
1242,1.4029,0,0,0,1.15,2.47,0,0,0,0,2.877,0,0,0
1243,1.4028,0,0,0,1.14,2.47,0,0,0,0,2.88433,0,0,0
1244,1.4027,0,0,0,1.14,2.48,0,0,0,0,2.89187,0,0,0
1245,1.4026,0,0,0,1.13,2.49,0,0,0,0,2.89939,0,0,0
1246,1.4025,0,0,0,1.13,2.49,0,0,0,0,2.90699,0,0,0
1247,1.4024,0,0,0,1.13,2.5,0,0,0,0,2.91454,0,0,0
1248,1.4023,0,0,0,1.12,2.51,0,0,0,0,2.92211,0,0,0
1249,1.4022,0,0,0,1.12,2.51,0,0,0,0,2.92971,0,0,0
1250,1.4021,0,0,0,1.12,2.52,0,0,0,0,2.93735,0,0,0
1251,1.4019,0,0,0,1.11,2.53,0,0,0,0,2.94495,0,0,0
1252,1.4018,0,0,0,1.11,2.53,0,0,0,0,2.95253,0,0,0
1253,1.4017,0,0,0,1.1,2.54,0,0,0,0,2.96007,0,0,0
1254,1.4016,0,0,0,1.1,2.55,0,0,0,0,2.96768,0,0,0
1255,1.4015,0,0,0,1.1,2.55,0,0,0,0,2.9752,0,0,0
1256,1.4014,0,0,0,1.1,2.56,0,0,0,0,2.98273,0,0,0
1257,1.4013,0,0,0,1.1,2.56,0,0,0,0,2.99015,0,0,0
1258,1.4012,0,0,0,1.1,2.57,0,0,0,0,2.99755,0,0,0
1259,1.4011,0,0,0,1.1,2.58,0,0,0,0,3.00481,0,0,0
1260,1.401,0,0,0,1.09,2.58,0,0,0,0,3.01206,0,0,0
1261,1.4009,0,0,0,1.09,2.59,0,0,0,0,3.01917,0,0,0
1262,1.4008,0,0,0,1.09,2.6,0,0,0,0,3.02637,0,0,0
1263,1.4007,0,0,0,1.08,2.6,0,0,0,0,3.03339,0,0,0
1264,1.4006,0,0,0,1.08,2.61,0,0,0,0,3.04047,0,0,0
1265,1.4005,0,0,0,1.08,2.61,0,0,0,0,3.04746,0,0,0
1266,1.4004,0,0,0,1.08,2.62,0,0,0,0,3.05429,0,0,0
1267,1.4003,0,0,0,1.08,2.63,0,0,0,0,3.06109,0,0,0
1268,1.4002,0,0,0,1.08,2.63,0,0,0,0,3.06775,0,0,0
1269,1.4,0,0,0,1.08,2.64,0,0,0,0,3.07425,0,0,0
1270,1.3999,0,0,0,1.08,2.64,0,0,0,0,3.08058,0,0,0
1271,1.3998,0,0,0,1.08,2.65,0,0,0,0,3.08683,0,0,0
1272,1.3997,0,0,0,1.09,2.65,0,0,0,0,3.09296,0,0,0
1273,1.3996,0,0,0,1.09,2.66,0,0,0,0,3.09891,0,0,0
1274,1.3995,0,0,0,1.1,2.66,0,0,0,0,3.1047,0,0,0
1275,1.3994,0,0,0,1.1,2.67,0,0,0,0,3.11033,0,0,0
1276,1.3993,0,0,0,1.11,2.67,0,0,0,0,3.11582,0,0,0
1277,1.3992,0,0,0,1.11,2.68,0,0,0,0,3.12115,0,0,0
1278,1.3991,0,0,0,1.11,2.68,0,0,0,0,3.12641,0,0,0
1279,1.399,0,0,0,1.12,2.69,0,0,0,0,3.13137,0,0,0
1280,1.3989,0,0,0,1.12,2.69,0,0,0,0,3.13623,0,0,0
1281,1.3988,0,0,0,1.13,2.69,0,0,0,0,3.14082,0,0,0
1282,1.3987,0,0,0,1.14,2.7,0,0,0,0,3.14516,0,0,0
1283,1.3985,0,0,0,1.15,2.7,0,0,0,0,3.14935,0,0,0
1284,1.3984,0,0,0,1.16,2.7,0,0,0,0,3.15339,0,0,0
1285,1.3983,0,0,0,1.16,2.71,0,0,0,0,3.15728,0,0,0
1286,1.3982,0,0,0,1.17,2.71,0,0,0,0,3.16099,0,0,0
1287,1.3981,0,0,0,1.18,2.71,0,0,0,0,3.16437,0,0,0
1288,1.398,0,0,0,1.18,2.72,0,0,0,0,3.16752,0,0,0
1289,1.3979,0,0,0,1.19,2.72,0,0,0,0,3.1704,0,0,0
1290,1.3978,0,0,0,1.2,2.72,0,0,0,0,3.17311,0,0,0
1291,1.3977,0,0,0,1.21,2.72,0,0,0,0,3.17554,0,0,0
1292,1.3976,0,0,0,1.22,2.73,0,0,0,0,3.17768,0,0,0
1293,1.3975,0,0,0,1.23,2.73,0,0,0,0,3.18031,0,0,0
1294,1.3974,0,0,0,1.24,2.73,0,0,0,0,3.18084,0,0,0
1295,1.3973,0,0,0,1.25,2.73,0,0,0,0,3.18206,0,0,0
1296,1.3972,0,0,0,1.27,2.73,0,0,0,0,3.1836,0,0,0
1297,1.3971,0,0,0,1.28,2.73,0,0,0,0,3.18478,0,0,0
1298,1.397,0,0,0,1.3,2.73,0,0,0,0,3.18577,0,0,0
1299,1.3969,0,0,0,1.31,2.73,0,0,0,0,3.18438,0,0,0
1300,1.3968,0,0,0,1.32,2.72,0,0,0,0,3.18255,0,0,0
1301,1.3967,0,0,0,1.34,2.74,0,0,0,0,3.17911,0,0,0
1302,1.3966,0,0,0,1.35,2.73,0,0,0,0,3.17436,0,0,0
1303,1.3965,0,0,0,1.37,2.72,0,0,0,0,3.16877,0,0,0
1304,1.3964,0,0,0,1.39,2.71,0,0,0,0,3.16275,0,0,0
1305,1.3963,0,0,0,1.42,2.7,0,0,0,0,3.15591,0,0,0
1306,1.3962,0,0,0,1.44,2.7,0,0,0,0,3.14865,0,0,0
1307,1.3961,0,0,0,1.47,2.69,0,0,0,0,3.14238,0,0,0
1308,1.396,0,0,0,1.49,2.69,0,0,0,0,3.1349,0,0,0
1309,1.3959,0,0,0,1.51,2.69,0,0,0,0,3.13039,0,0,0
1310,1.3958,0,0,0,1.53,2.68,0,0,0,0,3.1264,0,0,0
1311,1.3957,0,0,0,1.56,2.68,0,0,0,0,3.12274,0,0,0
1312,1.3956,0,0,0,1.58,2.68,0,0,0,0,3.12013,0,0,0
1313,1.3955,0,0,0,1.61,2.68,0,0,0,0,3.11657,0,0,0
1314,1.3954,0,0,0,1.64,2.67,0,0,0,0,3.11619,0,0,0
1315,1.3953,0,0,0,1.67,2.67,0,0,0,0,3.11564,0,0,0
1316,1.3952,0,0,0,1.7,2.67,0,0,0,0,3.11512,0,0,0
1317,1.3951,0,0,0,1.73,2.67,0,0,0,0,3.11565,0,0,0
1318,1.395,0,0,0,1.76,2.67,0,0,0,0,3.11842,0,0,0
1319,1.3948,0,0,0,1.79,2.67,0,0,0,0,3.1204,0,0,0
1320,1.3947,0,0,0,1.83,2.68,0,0,0,0,3.12085,0,0,0
1321,1.3946,0,0,0,1.87,2.67,0,0,0,0,3.12123,0,0,0
1322,1.3945,0,0,0,1.91,2.68,0,0,0,0,3.1203,0,0,0
1323,1.3944,0,0,0,1.94,2.68,0,0,0,0,3.12022,0,0,0
1324,1.3943,0,0,0,1.97,2.68,0,0,0,0,3.11915,0,0,0
1325,1.3942,0,0,0,2.01,2.67,0,0,0,0,3.1169,0,0,0
1326,1.3941,0,0,0,2.05,2.66,0,0,0,0,3.11441,0,0,0
1327,1.394,0,0,0,2.1,2.67,0,0,0,0,3.11083,0,0,0
1328,1.3939,0,0,0,2.15,2.67,0,0,0,0,3.10923,0,0,0
1329,1.3938,0,0,0,2.2,2.67,0,0,0,0,3.10835,0,0,0
1330,1.3937,0,0,0,2.24,2.66,0,0,0,0,3.10759,0,0,0
1331,1.3936,0,0,0,2.28,2.66,0,0,0,0,3.10864,0,0,0
1332,1.3935,0,0,0,2.31,2.67,0,0,0,0,3.11253,0,0,0
1333,1.3934,0,0,0,2.36,2.67,0,0,0,0,3.11742,0,0,0
1334,1.3933,0,0,0,2.42,2.68,0,0,0,0,3.12236,0,0,0
1335,1.3932,0,0,0,2.48,2.69,0,0,0,0,3.12811,0,0,0
1336,1.3931,0,0,0,2.54,2.68,0,0,0,0,3.1366,0,0,0
1337,1.393,0,0,0,2.59,2.7,0,0,0,0,3.14671,0,0,0
1338,1.3929,0,0,0,2.63,2.71,0,0,0,0,3.156,0,0,0
1339,1.3928,0,0,0,2.67,2.72,0,0,0,0,3.16446,0,0,0
1340,1.3927,0,0,0,2.7,2.72,0,0,0,0,3.17295,0,0,0
1341,1.3926,0,0,0,2.74,2.73,0,0,0,0,3.18061,0,0,0
1342,1.3925,0,0,0,2.78,2.74,0,0,0,0,3.19037,0,0,0
1343,1.3924,0,0,0,2.83,2.74,0,0,0,0,3.20061,0,0,0
1344,1.3923,0,0,0,2.89,2.75,0,0,0,0,3.2124,0,0,0
1345,1.3922,0,0,0,2.96,2.76,0,0,0,0,3.22656,0,0,0
1346,1.3921,0,0,0,3.03,2.78,0,0,0,0,3.24397,0,0,0
1347,1.392,0,0,0,3.1,2.79,0,0,0,0,3.2641,0,0,0
1348,1.3919,0,0,0,3.15,2.82,0,0,0,0,3.28504,0,0,0
1349,1.3918,0,0,0,3.18,2.84,0,0,0,0,3.30768,0,0,0
1350,1.3917,0,0,0,3.23,2.87,0,0,0,0,3.33283,0,0,0
1351,1.3916,0,0,0,3.27,2.88,0,0,0,0,3.35784,0,0,0
1352,1.3915,0,0,0,3.32,2.9,0,0,0,0,3.38543,0,0,0
1353,1.3914,0,0,0,3.36,2.92,0,0,0,0,3.4131,0,0,0
1354,1.3913,0,0,0,3.41,2.94,0,0,0,0,3.43399,0,0,0
1355,1.3912,0,0,0,3.45,2.95,0,0,0,0,3.44358,0,0,0
1356,1.3911,0,0,0,3.5,2.97,0,0,0,0,3.44515,0,0,0
1357,1.391,0,0,0,3.54,2.98,0,0,0,0,3.43996,0,0,0
1358,1.3909,0,0,0,3.6,2.98,0,0,0,0,3.43098,0,0,0
1359,1.3908,0,0,0,3.65,2.94,0,0,0,0,3.41754,0,0,0
1360,1.3907,0,0,0,3.7,2.89,0,0,0,0,3.40379,0,0,0
1361,1.3906,0,0,0,3.75,2.86,0,0,0,0,3.38959,0,0,0
1362,1.3905,0,0,0,3.8,2.88,0,0,0,0,3.37483,0,0,0
1363,1.3904,0,0,0,3.87,2.89,0,0,0,0,3.36136,0,0,0
1364,1.3903,0,0,0,3.93,2.89,0,0,0,0,3.35152,0,0,0
1365,1.3902,0,0,0,3.99,2.89,0,0,0,0,3.34874,0,0,0
1366,1.3901,0,0,0,4.06,2.9,0,0,0,0,3.35642,0,0,0
1367,1.39,0,0,0,4.13,2.89,0,0,0,0,3.37167,0,0,0
1368,1.3899,0,0,0,4.22,2.88,0,0,0,0,3.38799,0,0,0
1369,1.3898,0,0,0,4.3,2.9,0,0,0,0,3.40826,0,0,0
1370,1.3897,0,0,0,4.39,2.93,0,0,0,0,3.43625,0,0,0
1371,1.3895,0,0,0,4.5,2.97,0,0,0,0,3.47223,0,0,0
1372,1.3894,0,0,0,4.63,3.01,0,0,0,0,3.51342,0,0,0
1373,1.3893,0,0,0,4.74,3.05,0,0,0,0,3.55593,0,0,0
1374,1.3892,0,0,0,4.9,3.08,0,0,0,0,3.59139,0,0,0
1375,1.3891,0,0,0,5.09,3.11,0,0,0,0,3.61235,0,0,0
1376,1.389,0,0,0,5.26,3.13,0,0,0,0,3.61467,0,0,0
1377,1.3889,0,0,0,5.48,3.13,0,0,0,0,3.60089,0,0,0
1378,1.3888,0,0,0,5.72,3.1,0,0,0,0,3.57463,0,0,0
1379,1.3887,0,0,0,6.01,3.05,0,0,0,0,3.54008,0,0,0
1380,1.3886,0,0,0,6.24,2.98,0,0,0,0,3.50632,0,0,0
1381,1.3885,0,0,0,6.58,2.94,0,0,0,0,3.47782,0,0,0
1382,1.3884,0,0,0,6.93,2.92,0,0,0,0,3.45596,0,0,0
1383,1.3883,0,0,0,7.31,2.93,0,0,0,0,3.44703,0,0,0
1384,1.3882,0,0,0,7.63,2.95,0,0,0,0,3.45359,0,0,0
1385,1.3881,0,0,0,8.09,2.98,0,0,0,0,3.47371,0,0,0
1386,1.388,0,0,0,8.55,3.03,0,0,0,0,3.50353,0,0,0
1387,1.3878,0,0,0,9.03,3.05,0,0,0,0,3.53567,0,0,0
1388,1.3877,0,0,0,9.59,3.07,0,0,0,0,3.56422,0,0,0
1389,1.3876,0,0,0,10,3.09,0,0,0,0,3.58623,0,0,0
1390,1.3875,0,0,0,10.6,3.1,0,0,0,0,3.59882,0,0,0
1391,1.3874,0,0,0,11.2,3.09,0,0,0,0,3.60476,0,0,0
1392,1.3873,0,0,0,11.8,3.09,0,0,0,0,3.60295,0,0,0
1393,1.3872,0,0,0,12.5,3.08,0,0,0,0,3.59709,0,0,0
1394,1.3871,0,0,0,13.2,3.09,0,0,0,0,3.59219,0,0,0
1395,1.387,0,0,0,13.7,3.07,0,0,0,0,3.58766,0,0,0
1396,1.3869,0,0,0,14.3,3.07,0,0,0,0,3.58432,0,0,0
1397,1.3868,0,0,0,15.1,3.07,0,0,0,0,3.58409,0,0,0
1398,1.3867,0,0,0,15.8,3.07,0,0,0,0,3.58749,0,0,0
1399,1.3866,0,0,0,16.5,3.09,0,0,0,0,3.5925,0,0,0
1400,1.3865,0,0,0,17.1,3.09,0,0,0,0,3.59995,0,0,0
1401,1.3864,0,0,0,17.8,3.11,0,0,0,0,3.60927,0,0,0
1402,1.3862,0,0,0,18.5,3.14,0,0,0,0,3.62205,0,0,0
1403,1.3861,0,0,0,19.2,3.15,0,0,0,0,3.63611,0,0,0
1404,1.386,0,0,0,19.8,3.16,0,0,0,0,3.6519,0,0,0
1405,1.3859,0,0,0,20.3,3.19,0,0,0,0,3.67072,0,0,0
1406,1.3858,0,0,0,20.9,3.23,0,0,0,0,3.69205,0,0,0
1407,1.3857,0,0,0,21.5,3.27,0,0,0,0,3.71898,0,0,0
1408,1.3856,0,0,0,22,3.3,0,0,0,0,3.75156,0,0,0
1409,1.3854,0,0,0,22.6,3.36,0,0,0,0,3.79046,0,0,0
1410,1.3853,0,0,0,23.1,3.42,0,0,0,0,3.83718,0,0,0
1411,1.3852,0,0,0,23.6,3.48,0,0,0,0,3.89073,0,0,0
1412,1.3851,0,0,0,24.1,3.53,0,0,0,0,3.9537,0,0,0
1413,1.385,0,0,0,24.5,3.58,0,0,0,0,4.02191,0,0,0
1414,1.3849,0,0,0,24.9,3.63,0,0,0,0,4.09514,0,0,0
1415,1.3847,0,0,0,25.3,3.71,0,0,0,0,4.17292,0,0,0
1416,1.3846,0,0,0,25.7,3.78,0,0,0,0,4.25534,0,0,0
1417,1.3845,0,0,0,26.1,3.85,0,0,0,0,4.34143,0,0,0
1418,1.3844,0,0,0,26.4,3.93,0,0,0,0,4.42901,0,0,0
1419,1.3843,0,0,0,26.7,3.99,0,0,0,0,4.51783,0,0,0
1420,1.3841,0,0,0,27,4.07,0,0,0,0,4.60753,0,0,0
1421,1.384,0,0,0,27.3,4.16,0,0,0,0,4.69802,0,0,0
1422,1.3839,0,0,0,27.6,4.24,0,0,0,0,4.78835,0,0,0
1423,1.3838,0,0,0,27.8,4.32,0,0,0,0,4.87956,0,0,0
1424,1.3836,0,0,0,28.1,4.4,0,0,0,0,4.97148,0,0,0
1425,1.3835,0,0,0,28.4,4.48,0,0,0,0,5.06143,0,0,0
1426,1.3834,0,0,0,28.6,4.56,0,0,0,0,5.1518,0,0,0
1427,1.3833,0,0,0,28.8,4.64,0,0,0,0,5.23798,0,0,0
1428,1.3831,0,0,0,28.9,4.71,0,0,0,0,5.31983,0,0,0
1429,1.383,0,0,0,29.1,4.78,0,0,0,0,5.39867,0,0,0
1430,1.3829,0,0,0,29.3,4.85,0,0,0,0,5.47495,0,0,0
1431,1.3827,0,0,0,29.4,4.91,0,0,0,0,5.54635,0,0,0
1432,1.3826,0,0,0,29.6,4.97,0,0,0,0,5.61258,0,0,0
1433,1.3825,0,0,0,29.7,5.03,0,0,0,7.6536e-05,5.67659,0,0,0
1434,1.3824,0,0,0,29.8,5.07,0,0,0,0.000168735,5.73732,0,0,0
1435,1.3822,0,0,0,29.9,5.13,0,0,0,0.000242311,5.79577,0,0,0
1436,1.3821,0,0,0,30,5.18,0,0,0,0.000303526,5.85297,0,0,0
1437,1.382,0,0,0,30.1,5.22,0,0,0,0.000358637,5.90851,0,0,0
1438,1.3818,0,0,0,30.2,5.27,0,0,0,0.000413905,5.96114,0,0,0
1439,1.3817,0,0,0,30.3,5.32,0,0,0,0.000475589,6.00958,0,0,0
1440,1.3816,0,0,0,30.4,5.36,0,0,0,0.000549947,6.05498,0,0,0
1441,1.3815,0,0,0,30.4,5.4,0,0,0,0.00064324,6.09714,0,0,0
1442,1.3813,0,0,0,30.5,5.44,0,0,0,0.000761726,6.13417,0,0,0
1443,1.3812,0,0,0,30.5,5.46,0,0,0,0.000911665,6.1685,0,0,0
1444,1.3811,0,0,0,30.5,5.48,0,0,0,0.00109932,6.19815,0,0,0
1445,1.3809,0,0,0,30.5,5.5,0,0,0,0.00133094,6.22266,0,0,0
1446,1.3808,0,0,0,30.6,5.52,0,0,0,0.0015855,6.24269,0,0,0
1447,1.3807,0,0,0,30.6,5.55,0,0,0,0.00187565,6.26166,0,0,0
1448,1.3805,0,0,0,30.6,5.56,0,0,0,0.00220629,6.27819,0,0,0
1449,1.3804,0,0,0,30.6,5.58,0,0,0,0.0025831,6.29608,0,0,0
1450,1.3803,0,0,0,30.5,5.58,0,0,0,0.00301269,6.31569,0,0,0
1451,1.3801,0,0,0,30.5,5.6,0,0,0,0.00350269,6.33534,0,0,0
1452,1.38,0,0,0,30.5,5.61,0,0,0,0.00406198,6.35304,0,0,0
1453,1.3798,0,0,0,30.5,5.64,0,0,0,0.00470084,6.36763,0,0,0
1454,1.3797,0,0,0,30.4,5.65,0,0,0,0.0054312,6.38151,0,0,0
1455,1.3795,0,0,0,30.4,5.68,0,0,0,0.00626689,6.39723,0,0,0
1456,1.3794,0,0,0,30.3,5.68,0,0,0,0.00726769,6.41164,0,0,0
1457,1.3793,0,0,0,30.2,5.69,0,0,0,0.00842831,6.4234,0,0,0
1458,1.3791,0,0,0,30.1,5.68,0,0,0,0.00977428,6.4326,0,0,0
1459,1.379,0,0,0,30.1,5.69,0,0,0,0.0113352,6.44065,0,0,0
1460,1.3788,0,0,0,30,5.71,0,0,0,0.0131454,6.44665,0,0,0
1461,1.3787,0,0,0,29.8,5.72,0,0,0,0.0152447,6.45438,0,0,0
1462,1.3785,0,0,0,29.7,5.72,0,0,0,0.0176792,6.46169,0,0,0
1463,1.3784,0,0,0,29.6,5.72,0,0,0,0.0205025,6.46881,0,0,0
1464,1.3782,0,0,0,29.4,5.73,0,0,0,0.0237766,6.47553,0,0,0
1465,1.3781,0,0,0,29.2,5.74,0,0,0,0.0275737,6.4812,0,0,0
1466,1.3779,0,0,0,29,5.74,0,0,0,0.0319771,6.48547,0,0,0
1467,1.3778,0,0,0,28.7,5.75,0,0,0,0.0370837,6.48926,0,0,0
1468,1.3776,0,0,0,28.5,5.75,0,0,0,0.0430059,6.49495,0,0,0
1469,1.3775,0,0,0,28.3,5.74,0,0,0,0.0498737,6.50368,0,0,0
1470,1.3773,0,0,0,28,5.76,0,0,0,0.0570809,6.51151,0,0,0
1471,1.3772,0,0,0,27.8,5.77,0,0,0,0.0661413,6.5185,0,0,0
1472,1.377,0,0,0,27.5,5.78,0,0,0,0.0739295,6.52761,0,0,0
1473,1.3769,0,0,0,27.2,5.79,0,0,0,0.0841698,6.53809,0,0,0
1474,1.3767,0,0,0,27,5.8,0,0,0,0.0938582,6.54676,0,0,0
1475,1.3766,0,0,0,26.6,5.81,0,0,0,0.110766,6.55608,0,0,0
1476,1.3764,0,0,0,26.4,5.81,0,0,0,0.130811,6.56391,0,0,0
1477,1.3763,0,0,0,26.1,5.82,0,0,0,0.159166,6.57223,0,0,0
1478,1.3761,0,0,0,25.8,5.83,0,0,0,0.195848,6.57985,0,0,0
1479,1.376,0,0,0,25.6,5.82,0,0,0,0.243361,6.58591,0,0,0
1480,1.3758,0,0,0,25.2,5.83,0,0,0,0.298639,6.59205,0,0,0
1481,1.3756,0,0,0,25,5.85,0,0,0,0.36429,6.59882,0,0,0
1482,1.3755,0,0,0,24.7,5.88,0,0,0,0.43986,6.60642,0,0,0
1483,1.3753,0,0,0,24.4,5.9,0,0,0,0.527273,6.61153,0,0,0
1484,1.3752,0,0,0,24.1,5.91,0,0,0,0.627666,6.61461,0,0,0
1485,1.375,0,0,0,23.9,5.92,0,0,0,0.736383,6.61518,0,0,0
1486,1.3749,0,0,0,23.6,5.94,0,0,0,0.858437,6.61221,0,0,0
1487,1.3747,0,0,0,23.3,5.96,0,0,0,0.986033,6.6068,0,0,0
1488,1.3745,0,0,0,23.1,5.96,0,0,0,1.12027,6.59753,0,0,0
1489,1.3744,0,0,0,22.7,5.97,0,0,0,1.25898,6.58914,0,0,0
1490,1.3742,0,0,0,22.5,5.98,0,0,0,1.40247,6.5778,0,0,0
1491,1.3741,0,0,0,22.2,5.99,0,0,0,1.55353,6.56613,0,0,0
1492,1.3739,0,0,0,21.9,5.99,0,0,0,1.70467,6.5506,0,0,0
1493,1.3737,0,0,0,21.6,6.02,0,0,0,1.86119,6.53504,0,0,0
1494,1.3736,0,0,0,21.4,6.01,0,0,0,2.0147,6.51893,0,0,0
1495,1.3734,0,0,0,21.1,6.03,0,0,0,2.16475,6.50652,0,0,0
1496,1.3733,0,0,0,20.8,6.01,0,0,0,2.31366,6.49531,0,0,0
1497,1.3731,0,0,0,20.5,6.02,0,0,0,2.45644,6.48298,0,0,0
1498,1.3729,0,0,0,20.3,6.02,0,0,0,2.59791,6.46966,0,0,0
1499,1.3728,0,0,0,20,6.03,0,0,0,2.73075,6.45267,0,0,0
1500,1.3726,0,0,0,19.7,6.03,0,0,0,2.8537,6.4351,0,0,0
1501,1.3724,0,0,0,19.5,6.04,0,0,0,2.97115,6.41625,0,0,0
1502,1.3723,0,0,0,19.2,6.03,0,0,0,3.07666,6.39692,0,0,0
1503,1.3721,0,0,0,19,6.01,0,0,0,3.17623,6.37987,0,0,0
1504,1.3719,0,0,0,18.7,5.99,0,0,0,3.27219,6.35797,0,0,0
1505,1.3718,0,0,0,18.5,5.99,0,0,0,3.36589,6.33706,0,0,0
1506,1.3716,0,0,0,18.3,5.98,0,0,0,3.44956,6.31399,0,0,0
1507,1.3715,0,0,0,18,5.97,0,0,0,3.53622,6.29244,0,0,0
1508,1.3713,0,0,0,17.8,5.97,0,0,0,3.61635,6.27194,0,0,0
1509,1.3711,0,0,0,17.6,5.97,0,0,0,3.69087,6.25591,0,0,0
1510,1.371,0,0,0,17.3,5.95,0,0,0,3.76431,6.24161,0,0,0
1511,1.3708,0,0,0,17.1,5.95,0,0,0,3.83592,6.2273,0,0,0
1512,1.3706,0,0,0,16.9,5.94,0,0,0,3.90538,6.2089,0,0,0
1513,1.3705,0,0,0,16.7,5.93,0,0,0,3.97691,6.18995,0,0,0
1514,1.3703,0,0,0,16.5,5.93,0,0,0,4.04578,6.17389,0,0,0
1515,1.3702,0,0,0,16.2,5.93,0,0,0,4.10979,6.15464,0,0,0
1516,1.37,0,0,0,16.1,5.91,0,0,0,4.16951,6.1375,0,0,0
1517,1.3698,0,0,0,15.8,5.9,0,0,0,4.22455,6.12138,0,0,0
1518,1.3697,0,0,0,15.6,5.88,0,0,0,4.27552,6.10124,0,0,0
1519,1.3695,0,0,0,15.5,5.88,0,0,0,4.32278,6.08179,0,0,0
1520,1.3694,0,0,0,15.3,5.88,0,0,0,4.36809,6.06044,0,0,0
1521,1.3692,0,0,0,15,5.86,0,0,0,4.41533,6.04033,0,0,0
1522,1.369,0,0,0,14.9,5.84,0,0,0,4.45536,6.01995,0,0,0
1523,1.3689,0,0,0,14.7,5.83,0,0,0,4.49681,6.00123,0,0,0
1524,1.3687,0,0,0,14.5,5.82,0,0,0,4.52887,5.98525,0,0,0
1525,1.3686,0,0,0,14.3,5.81,0,0,0,4.56307,5.96882,0,0,0
1526,1.3684,0,0,0,14.1,5.8,0,0,0,4.60046,5.95242,0,0,0
1527,1.3682,0,0,0,14,5.79,0,0,0,4.63234,5.94074,0,0,0
1528,1.3681,0,0,0,13.8,5.78,0,0,0,4.6639,5.93112,0,0,0
1529,1.3679,0,0,0,13.6,5.78,0,0,0,4.68733,5.92271,0,0,0
1530,1.3678,0,0,0,13.5,5.78,0,0,0,4.71378,5.91541,0,0,0
1531,1.3676,0,0,0,13.3,5.77,0,0,0,4.74251,5.90609,0,0,0
1532,1.3674,0,0,0,13.2,5.76,0,0,0,4.76514,5.8975,0,0,0
1533,1.3673,0,0,0,13,5.77,0,0,0,4.78913,5.89005,0,0,0
1534,1.3671,0,0,0,12.8,5.76,0,0,0,4.81296,5.88198,0,0,0
1535,1.367,0,0,0,12.7,5.76,0,0,0,4.83279,5.8755,0,0,0
1536,1.3668,0,0,0,12.5,5.74,0,0,0,4.85234,5.86936,0,0,0
1537,1.3666,0,0,0,12.4,5.74,0,0,0,4.87496,5.86635,0,0,0
1538,1.3665,0,0,0,12.2,5.76,0,0,0,4.88783,5.86299,0,0,0
1539,1.3663,0,0,0,12.1,5.76,0,0,0,4.90037,5.85773,0,0,0
1540,1.3661,0,0,0,11.9,5.75,0,0,0,4.91212,5.85597,0,0,0
1541,1.366,0,0,0,11.8,5.75,0,0,0,4.91708,5.8565,0,0,0
1542,1.3658,0,0,0,11.7,5.75,0,0,0,4.92002,5.85557,0,0,0
1543,1.3656,0,0,0,11.5,5.75,0,0,0,4.92459,5.85602,0,0,0
1544,1.3655,0,0,0,11.4,5.74,0,0,0,4.92315,5.85411,0,0,0
1545,1.3653,0,0,0,11.3,5.74,0,0,0,4.91714,5.85057,0,0,0
1546,1.3651,0,0,0,11.1,5.75,0,0,0,4.90478,5.85092,0,0,0
1547,1.365,0,0,0,11,5.74,0,0,0,4.89058,5.85038,0,0,0
1548,1.3648,0,0,0,10.9,5.74,0,0,0,4.86824,5.85096,0,0,0
1549,1.3646,0,0,0,10.8,5.74,0,0,0,4.84552,5.85429,0,0,0
1550,1.3645,0,0,0,10.6,5.73,0,0,0,4.81833,5.85607,0,0,0
1551,1.3643,0,0,0,10.5,5.73,0,0,0,4.79305,5.85438,0,0,0
1552,1.3641,0,0,0,10.4,5.73,0,0,0,4.76213,5.85092,0,0,0
1553,1.364,0,0,0,10.3,5.72,0,0,0,4.7336,5.84681,0,0,0
1554,1.3638,0,0,0,10.2,5.72,0,0,0,4.70373,5.84508,0,0,0
1555,1.3636,0,0,0,10.1,5.72,0,0,0,4.67765,5.84433,0,0,0
1556,1.3635,0,0,0,10,5.7,0,0,0,4.6515,5.84456,0,0,0
1557,1.3633,0,0,0,9.91,5.69,0,0,0,4.62452,5.84626,0,0,0
1558,1.3631,0,0,0,9.84,5.7,0,0,0,4.60202,5.84939,0,0,0
1559,1.363,0,0,0,9.75,5.7,0,0,0,4.58405,5.85456,0,0,0
1560,1.3628,0,0,0,9.66,5.71,0,0,0,4.57691,5.86442,0,0,0
1561,1.3627,0,0,0,9.56,5.73,0,0,0,4.56958,5.87356,0,0,0
1562,1.3625,0,0,0,9.48,5.73,0,0,0,4.56592,5.88395,0,0,0
1563,1.3623,0,0,0,9.38,5.74,0,0,0,4.56953,5.89317,0,0,0
1564,1.3622,0,0,0,9.31,5.74,0,0,0,4.57541,5.89816,0,0,0
1565,1.362,0,0,0,9.2,5.75,0,0,0,4.58762,5.89961,0,0,0
1566,1.3618,0,0,0,9.13,5.75,0,0,0,4.60129,5.90077,0,0,0
1567,1.3617,0,0,0,9.05,5.74,0,0,0,4.61439,5.89895,0,0,0
1568,1.3615,0,0,0,8.98,5.75,0,0,0,4.62615,5.89437,0,0,0
1569,1.3613,0,0,0,8.9,5.75,0,0,0,4.64438,5.89102,0,0,0
1570,1.3612,0,0,0,8.82,5.75,0,0,0,4.66365,5.8847,0,0,0
1571,1.361,0,0,0,8.74,5.75,0,0,0,4.68594,5.87875,0,0,0
1572,1.3608,0,0,0,8.67,5.75,0,0,0,4.71216,5.87427,0,0,0
1573,1.3607,0,0,0,8.59,5.74,0,0,0,4.74336,5.87144,0,0,0
1574,1.3605,0,0,0,8.51,5.74,0,0,0,4.77011,5.87126,0,0,0
1575,1.3603,0,0,0,8.45,5.75,0,0,0,4.79628,5.8693,0,0,0
1576,1.3602,0,0,0,8.36,5.74,0,0,0,4.81858,5.86845,0,0,0
1577,1.36,0,0,0,8.3,5.76,0,0,0,4.83927,5.86574,0,0,0
1578,1.3599,0,0,0,8.23,5.75,0,0,0,4.85796,5.86304,0,0,0
1579,1.3597,0,0,0,8.16,5.75,0,0,0,4.87472,5.85991,0,0,0
1580,1.3595,0,0,0,8.1,5.75,0,0,0,4.88995,5.85471,0,0,0
1581,1.3594,0,0,0,8.04,5.73,0,0,0,4.91003,5.8464,0,0,0
1582,1.3592,0,0,0,7.96,5.74,0,0,0,4.92902,5.83715,0,0,0
1583,1.359,0,0,0,7.89,5.72,0,0,0,4.9504,5.82761,0,0,0
1584,1.3589,0,0,0,7.83,5.73,0,0,0,4.96921,5.81696,0,0,0
1585,1.3587,0,0,0,7.77,5.71,0,0,0,4.98611,5.80844,0,0,0
1586,1.3586,0,0,0,7.71,5.7,0,0,0,5.00378,5.80153,0,0,0
1587,1.3584,0,0,0,7.65,5.7,0,0,0,5.0244,5.79393,0,0,0
1588,1.3582,0,0,0,7.61,5.7,0,0,0,5.04323,5.78532,0,0,0
1589,1.3581,0,0,0,7.55,5.69,0,0,0,5.0626,5.77111,0,0,0
1590,1.3579,0,0,0,7.5,5.69,0,0,0,5.08,5.75676,0,0,0
1591,1.3578,0,0,0,7.43,5.67,0,0,0,5.09471,5.73859,0,0,0
1592,1.3576,0,0,0,7.37,5.66,0,0,0,5.11082,5.72122,0,0,0
1593,1.3575,0,0,0,7.32,5.63,0,0,0,5.12654,5.70085,0,0,0
1594,1.3573,0,0,0,7.25,5.61,0,0,0,5.13725,5.67782,0,0,0
1595,1.3571,0,0,0,7.2,5.59,0,0,0,5.14888,5.65384,0,0,0
1596,1.357,0,0,0,7.16,5.59,0,0,0,5.1564,5.63411,0,0,0
1597,1.3568,0,0,0,7.12,5.56,0,0,0,5.16245,5.61306,0,0,0
1598,1.3567,0,0,0,7.08,5.55,0,0,0,5.16683,5.59487,0,0,0
1599,1.3565,0,0,0,7.04,5.53,0,0,0,5.17305,5.57712,0,0,0
1600,1.3563,0,0,0,6.99,5.52,0,0,0,5.17732,5.56157,0,0,0
1601,1.3562,0,0,0,6.94,5.51,0,0,0,5.1819,5.54406,0,0,0
1602,1.356,0,0,0,6.91,5.49,0,0,0,5.18555,5.52597,0,0,0
1603,1.3558,0,0,0,6.87,5.46,0,0,0,5.18889,5.50564,0,0,0
1604,1.3557,0,0,0,6.83,5.45,0,0,0,5.1857,5.48889,0,0,0
1605,1.3555,0,0,0,6.78,5.44,0,0,0,5.18384,5.47174,0,0,0
1606,1.3553,0,0,0,6.74,5.43,0,0,0,5.17737,5.45687,0,0,0
1607,1.3552,0,0,0,6.71,5.41,0,0,0,5.1723,5.44073,0,0,0
1608,1.355,0,0,0,6.7,5.39,0,0,0,5.16731,5.42529,0,0,0
1609,1.3549,0,0,0,6.65,5.38,0,0,0,5.16266,5.40991,0,0,0
1610,1.3547,0,0,0,6.63,5.38,0,0,0,5.16292,5.39641,0,0,0
1611,1.3545,0,0,0,6.6,5.36,0,0,0,5.16788,5.38056,0,0,0
1612,1.3544,0,0,0,6.57,5.35,0,0,0,5.17217,5.36675,0,0,0
1613,1.3542,0,0,0,6.53,5.33,0,0,0,5.18121,5.35129,0,0,0
1614,1.354,0,0,0,6.5,5.32,0,0,0,5.18919,5.33673,0,0,0
1615,1.3539,0,0,0,6.47,5.3,0,0,0,5.20028,5.3222,0,0,0
1616,1.3537,0,0,0,6.45,5.29,0,0,0,5.21432,5.30806,0,0,0
1617,1.3535,0,0,0,6.42,5.28,0,0,0,5.23176,5.29418,0,0,0
1618,1.3534,0,0,0,6.4,5.27,0,0,0,5.2436,5.28097,0,0,0
1619,1.3532,0,0,0,6.36,5.26,0,0,0,5.25794,5.26581,0,0,0
1620,1.3531,0,0,0,6.35,5.25,0,0,0,5.27026,5.25246,0,0,0
1621,1.3529,0,0,0,6.31,5.25,0,0,0,5.28699,5.2382,0,0,0
1622,1.3527,0,0,0,6.28,5.23,0,0,0,5.30103,5.22522,0,0,0
1623,1.3526,0,0,0,6.25,5.22,0,0,0,5.31567,5.21211,0,0,0
1624,1.3524,0,0,0,6.21,5.21,0,0,0,5.32569,5.19995,0,0,0
1625,1.3523,0,0,0,6.19,5.2,0,0,0,5.33668,5.18807,0,0,0
1626,1.3521,0,0,0,6.16,5.21,0,0,0,5.34148,5.17978,0,0,0
1627,1.3519,0,0,0,6.13,5.2,0,0,0,5.34309,5.17295,0,0,0
1628,1.3518,0,0,0,6.12,5.19,0,0,0,5.33813,5.16916,0,0,0
1629,1.3516,0,0,0,6.09,5.19,0,0,0,5.33262,5.16455,0,0,0
1630,1.3515,0,0,0,6.08,5.18,0,0,0,5.32121,5.16115,0,0,0
1631,1.3513,0,0,0,6.05,5.18,0,0,0,5.30806,5.15706,0,0,0
1632,1.3512,0,0,0,6.05,5.18,0,0,0,5.2871,5.15184,0,0,0
1633,1.351,0,0,0,6.02,5.17,0,0,0,5.26689,5.14389,0,0,0
1634,1.3508,0,0,0,6.01,5.15,0,0,0,5.24033,5.14029,0,0,0
1635,1.3507,0,0,0,5.98,5.14,0,0,0,5.21562,5.13561,0,0,0
1636,1.3505,0,0,0,5.97,5.14,0,0,0,5.18651,5.13261,0,0,0
1637,1.3504,0,0,0,5.95,5.13,0,0,0,5.1609,5.12791,0,0,0
1638,1.3502,0,0,0,5.94,5.12,0,0,0,5.13156,5.12361,0,0,0
1639,1.3501,0,0,0,5.92,5.11,0,0,0,5.10581,5.12022,0,0,0
1640,1.3499,0,0,0,5.91,5.13,0,0,0,5.08302,5.11967,0,0,0
1641,1.3498,0,0,0,5.89,5.11,0,0,0,5.06358,5.11971,0,0,0
1642,1.3496,0,0,0,5.88,5.1,0,0,0,5.04177,5.12193,0,0,0
1643,1.3495,0,0,0,5.85,5.1,0,0,0,5.02614,5.12135,0,0,0
1644,1.3493,0,0,0,5.83,5.11,0,0,0,5.01101,5.12287,0,0,0
1645,1.3492,0,0,0,5.8,5.11,0,0,0,5.00162,5.12448,0,0,0
1646,1.349,0,0,0,5.79,5.11,0,0,0,4.99239,5.13013,0,0,0
1647,1.3489,0,0,0,5.75,5.13,0,0,0,4.99077,5.13425,0,0,0
1648,1.3487,0,0,0,5.75,5.14,0,0,0,4.98846,5.14571,0,0,0
1649,1.3486,0,0,0,5.72,5.13,0,0,0,4.99546,5.15884,0,0,0
1650,1.3484,0,0,0,5.71,5.15,0,0,0,5.00233,5.17597,0,0,0
1651,1.3482,0,0,0,5.69,5.18,0,0,0,5.0162,5.19099,0,0,0
1652,1.3481,0,0,0,5.68,5.19,0,0,0,5.02959,5.20895,0,0,0
1653,1.3479,0,0,0,5.66,5.2,0,0,0,5.04969,5.22942,0,0,0
1654,1.3478,0,0,0,5.66,5.24,0,0,0,5.07078,5.25117,0,0,0
1655,1.3476,0,0,0,5.64,5.26,0,0,0,5.09724,5.27422,0,0,0
1656,1.3475,0,0,0,5.65,5.27,0,0,0,5.12541,5.29959,0,0,0
1657,1.3473,0,0,0,5.63,5.29,0,0,0,5.16117,5.32299,0,0,0
1658,1.3472,0,0,0,5.63,5.34,0,0,0,5.1981,5.34835,0,0,0
1659,1.347,0,0,0,5.62,5.37,0,0,0,5.24408,5.37425,0,0,0
1660,1.3469,0,0,0,5.62,5.39,0,0,0,5.29257,5.40251,0,0,0
1661,1.3467,0,0,0,5.6,5.43,0,0,0,5.35035,5.42918,0,0,0
1662,1.3466,0,0,0,5.61,5.45,0,0,0,5.41135,5.46101,0,0,0
1663,1.3464,0,0,0,5.6,5.49,0,0,0,5.48263,5.49733,0,0,0
1664,1.3463,0,0,0,5.6,5.52,0,0,0,5.55426,5.54336,0,0,0
1665,1.3461,0,0,0,5.58,5.56,0,0,0,5.63657,5.57491,0,0,0
1666,1.346,0,0,0,5.58,5.61,0,0,0,5.72222,5.60071,0,0,0
1667,1.3458,0,0,0,5.56,5.65,0,0,0,5.81691,5.61948,0,0,0
1668,1.3457,0,0,0,5.56,5.7,0,0,0,5.91269,5.63139,0,0,0
1669,1.3455,0,0,0,5.55,5.74,0,0,0,6.0169,5.63707,0,0,0
1670,1.3454,0,0,0,5.55,5.74,0,0,0,6.1223,5.64122,0,0,0
1671,1.3452,0,0,0,5.54,5.64,0,0,0,6.23421,5.64281,0,0,0
1672,1.3451,0,0,0,5.54,5.69,0,0,0,6.34912,5.64415,0,0,0
1673,1.3449,0,0,0,5.53,5.72,0,0,0,6.47766,5.64571,0,0,0
1674,1.3448,0,0,0,5.53,5.76,0,0,0,6.60888,5.65342,0,0,0
1675,1.3446,0,0,0,5.53,5.8,0,0,0,6.74758,5.6661,0,0,0
1676,1.3445,0,0,0,5.53,5.85,0,0,0,6.8895,5.68829,0,0,0
1677,1.3443,0,0,0,5.53,5.88,0,0,0,7.04128,5.72296,0,0,0
1678,1.3442,0,0,0,5.53,5.92,0,0,0,7.19293,5.76468,0,0,0
1679,1.344,0,0,0,5.52,5.97,0,0,0,7.35206,5.7952,0,0,0
1680,1.3439,0,0,0,5.52,6.02,0,0,0,7.50841,5.82776,0,0,0
1681,1.3437,0,0,0,5.52,6.06,0,0,0,7.67632,5.86039,0,0,0
1682,1.3436,0,0,0,5.53,6.12,0,0,0,7.84865,5.89368,0,0,0
1683,1.3435,0,0,0,5.52,6.17,0,0,0,8.02726,5.92703,0,0,0
1684,1.3433,0,0,0,5.52,6.21,0,0,0,8.19964,5.96479,0,0,0
1685,1.3432,0,0,0,5.52,6.27,0,0,0,8.37428,6.00173,0,0,0
1686,1.343,0,0,0,5.52,6.32,0,0,0,8.54745,6.0381,0,0,0
1687,1.3429,0,0,0,5.51,6.38,0,0,0,8.72049,6.07204,0,0,0
1688,1.3428,0,0,0,5.53,6.43,0,0,0,8.88458,6.10872,0,0,0
1689,1.3426,0,0,0,5.51,6.49,0,0,0,9.04686,6.14321,0,0,0
1690,1.3425,0,0,0,5.52,6.54,0,0,0,9.19828,6.17729,0,0,0
1691,1.3423,0,0,0,5.52,6.58,0,0,0,9.34777,6.21207,0,0,0
1692,1.3422,0,0,0,5.52,6.62,0,0,0,9.48432,6.24813,0,0,0
1693,1.3421,0,0,0,5.51,6.67,0,0,0,9.61348,6.28434,0,0,0
1694,1.3419,0,0,0,5.52,6.73,0,0,0,9.72944,6.32167,0,0,0
1695,1.3418,0,0,0,5.52,6.77,0,0,0,9.83987,6.36102,0,0,0
1696,1.3417,0,0,0,5.54,6.81,0,0,0,9.94215,6.40315,0,0,0
1697,1.3415,0,0,0,5.54,6.86,0,0,0,10.03,6.44813,0,0,0
1698,1.3414,0,0,0,5.54,6.91,0,0,0,10.0929,6.49657,0,0,0
1699,1.3413,0,0,0,5.56,6.96,0,0,0,10.1517,6.54341,0,0,0
1700,1.3411,0,0,0,5.57,7.01,0,0,0,10.1962,6.58958,0,0,0
1701,1.341,0,0,0,5.58,7.05,0,0,0,10.2299,6.63221,0,0,0
1702,1.3409,0,0,0,5.61,7.09,0,0,0,10.2452,6.67774,0,0,0
1703,1.3407,0,0,0,5.61,7.14,0,0,0,10.2614,6.72062,0,0,0
1704,1.3406,0,0,0,5.63,7.16,0,0,0,10.2646,6.75924,0,0,0
1705,1.3405,0,0,0,5.64,7.2,0,0,0,10.2624,6.79852,0,0,0
1706,1.3403,0,0,0,5.66,7.23,0,0,0,10.2521,6.84146,0,0,0
1707,1.3402,0,0,0,5.67,7.27,0,0,0,10.2384,6.88154,0,0,0
1708,1.3401,0,0,0,5.69,7.32,0,0,0,10.2194,6.92359,0,0,0
1709,1.3399,0,0,0,5.7,7.34,0,0,0,10.2002,6.96582,0,0,0
1710,1.3398,0,0,0,5.73,7.36,0,0,0,10.1788,7.01088,0,0,0
1711,1.3397,0,0,0,5.75,7.4,0,0,0,10.1624,7.05278,0,0,0
1712,1.3396,0,0,0,5.77,7.44,0,0,0,10.1317,7.0929,0,0,0
1713,1.3394,0,0,0,5.78,7.47,0,0,0,10.1023,7.13101,0,0,0
1714,1.3393,0,0,0,5.8,7.51,0,0,0,10.0713,7.16782,0,0,0
1715,1.3392,0,0,0,5.81,7.53,0,0,0,10.0499,7.20174,0,0,0
1716,1.3391,0,0,0,5.83,7.56,0,0,0,10.0314,7.2364,0,0,0
1717,1.3389,0,0,0,5.84,7.58,0,0,0,10.0192,7.26732,0,0,0
1718,1.3388,0,0,0,5.88,7.6,0,0,0,10.0094,7.29374,0,0,0
1719,1.3387,0,0,0,5.89,7.63,0,0,0,10.0107,7.31977,0,0,0
1720,1.3386,0,0,0,5.93,7.65,0,0,0,10.015,7.34774,0,0,0
1721,1.3384,0,0,0,5.95,7.67,0,0,0,10.0255,7.37002,0,0,0
1722,1.3383,0,0,0,5.97,7.69,0,0,0,10.0411,7.3901,0,0,0
1723,1.3382,0,0,0,6,7.7,0,0,0,10.0648,7.40379,0,0,0
1724,1.3381,0,0,0,6.03,7.71,0,0,0,10.0882,7.41423,0,0,0
1725,1.338,0,0,0,6.05,7.72,0,0,0,10.1202,7.41583,0,0,0
1726,1.3378,0,0,0,6.09,7.73,0,0,0,10.1529,7.41303,0,0,0
1727,1.3377,0,0,0,6.1,7.73,0,0,0,10.1777,7.40469,0,0,0
1728,1.3376,0,0,0,6.14,7.71,0,0,0,10.2009,7.39082,0,0,0
1729,1.3375,0,0,0,6.17,7.7,0,0,0,10.2364,7.37307,0,0,0
1730,1.3374,0,0,0,6.2,7.7,0,0,0,10.2701,7.34997,0,0,0
1731,1.3373,0,0,0,6.22,7.67,0,0,0,10.2976,7.32107,0,0,0
1732,1.3371,0,0,0,6.26,7.64,0,0,0,10.3189,7.28796,0,0,0
1733,1.337,0,0,0,6.28,7.62,0,0,0,10.3434,7.25329,0,0,0
1734,1.3369,0,0,0,6.34,7.59,0,0,0,10.3551,7.22001,0,0,0
1735,1.3368,0,0,0,6.37,7.56,0,0,0,10.3609,7.1837,0,0,0
1736,1.3367,0,0,0,6.39,7.52,0,0,0,10.3702,7.14735,0,0,0
1737,1.3366,0,0,0,6.45,7.48,0,0,0,10.3756,7.1113,0,0,0
1738,1.3365,0,0,0,6.49,7.45,0,0,0,10.3726,7.07661,0,0,0
1739,1.3364,0,0,0,6.52,7.44,0,0,0,10.3584,7.04601,0,0,0
1740,1.3363,0,0,0,6.57,7.41,0,0,0,10.3367,7.02316,0,0,0
1741,1.3362,0,0,0,6.62,7.38,0,0,0,10.309,7.00484,0,0,0
1742,1.336,0,0,0,6.66,7.36,0,0,0,10.2724,6.99051,0,0,0
1743,1.3359,0,0,0,6.69,7.35,0,0,0,10.2392,6.98036,0,0,0
1744,1.3358,0,0,0,6.75,7.33,0,0,0,10.1975,6.96917,0,0,0
1745,1.3357,0,0,0,6.8,7.33,0,0,0,10.1535,6.96025,0,0,0
1746,1.3356,0,0,0,6.84,7.33,0,0,0,10.1034,6.95592,0,0,0
1747,1.3355,0,0,0,6.9,7.3,0,0,0,10.0448,6.95476,0,0,0
1748,1.3354,0,0,0,6.96,7.3,0,0,0,9.97984,6.95724,0,0,0
1749,1.3353,0,0,0,7,7.3,0,0,0,9.91216,6.95991,0,0,0
1750,1.3352,0,0,0,7.05,7.29,0,0,0,9.83732,6.96279,0,0,0
1751,1.3351,0,0,0,7.11,7.29,0,0,0,9.75679,6.96527,0,0,0
1752,1.335,0,0,0,7.18,7.29,0,0,0,9.67446,6.96817,0,0,0
1753,1.3349,0,0,0,7.24,7.28,0,0,0,9.58793,6.97433,0,0,0
1754,1.3348,0,0,0,7.27,7.28,0,0,0,9.49717,6.98206,0,0,0
1755,1.3347,0,0,0,7.34,7.26,0,0,0,9.40617,6.98753,0,0,0
1756,1.3346,0,0,0,7.41,7.25,0,0,0,9.30796,6.99022,0,0,0
1757,1.3345,0,0,0,7.48,7.24,0,0,0,9.2021,6.98826,0,0,0
1758,1.3344,0,0,0,7.54,7.23,0,0,0,9.09696,6.98262,0,0,0
1759,1.3343,0,0,0,7.59,7.21,0,0,0,8.9889,6.97735,0,0,0
1760,1.3342,0,0,0,7.67,7.19,0,0,0,8.87563,6.97201,0,0,0
1761,1.3341,0,0,0,7.73,7.16,0,0,0,8.75042,6.96318,0,0,0
1762,1.334,0,0,0,7.78,7.14,0,0,0,8.61983,6.95357,0,0,0
1763,1.3339,0,0,0,7.83,7.11,0,0,0,8.48835,6.94055,0,0,0
1764,1.3338,0,0,0,7.89,7.1,0,0,0,8.35916,6.92653,0,0,0
1765,1.3337,0,0,0,7.95,7.07,0,0,0,8.23239,6.91136,0,0,0
1766,1.3336,0,0,0,8,7.04,0,0,0,8.11134,6.89125,0,0,0
1767,1.3335,0,0,0,8.05,7,0,0,0,7.98569,6.8688,0,0,0
1768,1.3334,0,0,0,8.1,6.97,0,0,0,7.85857,6.84446,0,0,0
1769,1.3333,0,0,0,8.16,6.93,0,0,0,7.73401,6.81875,0,0,0
1770,1.3332,0,0,0,8.21,6.89,0,0,0,7.61854,6.79278,0,0,0
1771,1.3331,0,0,0,8.24,6.84,0,0,0,7.50725,6.76423,0,0,0
1772,1.333,0,0,0,8.26,6.79,0,0,0,7.39955,6.73443,0,0,0
1773,1.3329,0,0,0,8.32,6.76,0,0,0,7.29452,6.70337,0,0,0
1774,1.3328,0,0,0,8.35,6.73,0,0,0,7.1959,6.67063,0,0,0
1775,1.3327,0,0,0,8.39,6.69,0,0,0,7.10542,6.63796,0,0,0
1776,1.3326,0,0,0,8.43,6.66,0,0,0,7.01506,6.60605,0,0,0
1777,1.3325,0,0,0,8.45,6.61,0,0,0,6.92784,6.57576,0,0,0
1778,1.3324,0,0,0,8.48,6.57,0,0,0,6.85378,6.54698,0,0,0
1779,1.3323,0,0,0,8.51,6.55,0,0,0,6.78955,6.52166,0,0,0
1780,1.3322,0,0,0,8.54,6.52,0,0,0,6.73116,6.49947,0,0,0
1781,1.3322,0,0,0,8.56,6.51,0,0,0,6.67928,6.48693,0,0,0
1782,1.3321,0,0,0,8.59,6.48,0,0,0,6.6358,6.47958,0,0,0
1783,1.332,0,0,0,8.62,6.48,0,0,0,6.59811,6.47565,0,0,0
1784,1.3319,0,0,0,8.64,6.48,0,0,0,6.56433,6.47637,0,0,0
1785,1.3318,0,0,0,8.67,6.49,0,0,0,6.53378,6.47459,0,0,0
1786,1.3317,0,0,0,8.69,6.5,0,0,0,6.50469,6.472,0,0,0
1787,1.3316,0,0,0,8.72,6.49,0,0,0,6.47758,6.4686,0,0,0
1788,1.3315,0,0,0,8.74,6.46,0,0,0,6.45478,6.46263,0,0,0
1789,1.3314,0,0,0,8.76,6.44,0,0,0,6.43122,6.4525,0,0,0
1790,1.3314,0,0,0,8.78,6.43,0,0,0,6.40963,6.44037,0,0,0
1791,1.3313,0,0,0,8.78,6.41,0,0,0,6.38975,6.4281,0,0,0
1792,1.3312,0,0,0,8.78,6.42,0,0,0,6.36996,6.41271,0,0,0
1793,1.3311,0,0,0,8.79,6.4,0,0,0,6.35665,6.39739,0,0,0
1794,1.331,0,0,0,8.81,6.38,0,0,0,6.34605,6.38605,0,0,0
1795,1.3309,0,0,0,8.81,6.37,0,0,0,6.33481,6.37595,0,0,0
1796,1.3309,0,0,0,8.81,6.37,0,0,0,6.32755,6.36405,0,0,0
1797,1.3308,0,0,0,8.81,6.35,0,0,0,6.31951,6.35079,0,0,0
1798,1.3307,0,0,0,8.8,6.32,0,0,0,6.30917,6.33851,0,0,0
1799,1.3306,0,0,0,8.8,6.31,0,0,0,6.2986,6.32359,0,0,0
1800,1.3305,0,0,0,8.79,6.31,0,0,0,6.28577,6.31039,0,0,0
1801,1.3305,0,0,0,8.78,6.28,0,0,0,6.27116,6.29447,0,0,0
1802,1.3304,0,0,0,8.77,6.28,0,0,0,6.25515,6.27955,0,0,0
1803,1.3303,0,0,0,8.75,6.27,0,0,0,6.23534,6.26647,0,0,0
1804,1.3302,0,0,0,8.75,6.26,0,0,0,6.21246,6.25738,0,0,0
1805,1.3301,0,0,0,8.74,6.24,0,0,0,6.18546,6.24888,0,0,0
1806,1.3301,0,0,0,8.74,6.23,0,0,0,6.15187,6.24129,0,0,0
1807,1.33,0,0,0,8.74,6.22,0,0,0,6.117,6.23603,0,0,0
1808,1.3299,0,0,0,8.74,6.23,0,0,0,6.08071,6.23487,0,0,0
1809,1.3298,0,0,0,8.75,6.22,0,0,0,6.04076,6.23058,0,0,0
1810,1.3297,0,0,0,8.76,6.21,0,0,0,5.99424,6.22824,0,0,0
1811,1.3296,0,0,0,8.78,6.19,0,0,0,5.94611,6.22644,0,0,0
1812,1.3296,0,0,0,8.79,6.19,0,0,0,5.89702,6.22362,0,0,0
1813,1.3295,0,0,0,8.79,6.18,0,0,0,5.84771,6.21934,0,0,0
1814,1.3294,0,0,0,8.8,6.16,0,0,0,5.79868,6.2126,0,0,0
1815,1.3293,0,0,0,8.79,6.14,0,0,0,5.75044,6.20186,0,0,0
1816,1.3292,0,0,0,8.81,6.14,0,0,0,5.70087,6.19283,0,0,0
1817,1.3292,0,0,0,8.82,6.12,0,0,0,5.65802,6.18204,0,0,0
1818,1.3291,0,0,0,8.84,6.1,0,0,0,5.6161,6.17329,0,0,0
1819,1.329,0,0,0,8.85,6.09,0,0,0,5.57821,6.16313,0,0,0
1820,1.3289,0,0,0,8.85,6.06,0,0,0,5.54385,6.15209,0,0,0
1821,1.3288,0,0,0,8.86,6.06,0,0,0,5.51274,6.13931,0,0,0
1822,1.3287,0,0,0,8.87,6.05,0,0,0,5.48289,6.12784,0,0,0
1823,1.3286,0,0,0,8.87,6.04,0,0,0,5.45706,6.11593,0,0,0
1824,1.3286,0,0,0,8.88,6.04,0,0,0,5.43082,6.10582,0,0,0
1825,1.3285,0,0,0,8.89,6.01,0,0,0,5.40654,6.09477,0,0,0
1826,1.3284,0,0,0,8.9,6,0,0,0,5.3831,6.08383,0,0,0
1827,1.3283,0,0,0,8.92,5.99,0,0,0,5.3565,6.0743,0,0,0
1828,1.3282,0,0,0,8.95,6,0,0,0,5.32864,6.06286,0,0,0
1829,1.3281,0,0,0,8.97,5.98,0,0,0,5.29867,6.0534,0,0,0
1830,1.3281,0,0,0,9.01,5.95,0,0,0,5.26501,6.04505,0,0,0
1831,1.328,0,0,0,9.03,5.95,0,0,0,5.22874,6.03409,0,0,0
1832,1.3279,0,0,0,9.11,5.93,0,0,0,5.1829,6.02462,0,0,0
1833,1.3278,0,0,0,9.15,5.91,0,0,0,5.13459,6.00957,0,0,0
1834,1.3277,0,0,0,9.2,5.89,0,0,0,5.08056,5.98696,0,0,0
1835,1.3277,0,0,0,9.26,5.87,0,0,0,5.02382,5.96246,0,0,0
1836,1.3276,0,0,0,9.32,5.83,0,0,0,4.9598,5.93713,0,0,0
1837,1.3275,0,0,0,9.38,5.79,0,0,0,4.90305,5.91156,0,0,0
1838,1.3274,0,0,0,9.46,5.77,0,0,0,4.84103,5.8857,0,0,0
1839,1.3274,0,0,0,9.54,5.73,0,0,0,4.77691,5.86082,0,0,0
1840,1.3273,0,0,0,9.63,5.68,0,0,0,4.70948,5.8377,0,0,0
1841,1.3272,0,0,0,9.72,5.68,0,0,0,4.64599,5.81487,0,0,0
1842,1.3271,0,0,0,9.82,5.66,0,0,0,4.58845,5.79336,0,0,0
1843,1.3271,0,0,0,9.94,5.65,0,0,0,4.53829,5.77702,0,0,0
1844,1.327,0,0,0,10.1,5.62,0,0,0,4.48954,5.76387,0,0,0
1845,1.3269,0,0,0,10.2,5.59,0,0,0,4.45037,5.7496,0,0,0
1846,1.3269,0,0,0,10.3,5.57,0,0,0,4.41275,5.73762,0,0,0
1847,1.3268,0,0,0,10.4,5.56,0,0,0,4.39967,5.7267,0,0,0
1848,1.3267,0,0,0,10.6,5.55,0,0,0,4.38469,5.71407,0,0,0
1849,1.3266,0,0,0,10.8,5.55,0,0,0,4.37336,5.70322,0,0,0
1850,1.3266,0,0,0,10.9,5.54,0,0,0,4.35812,5.69128,0,0,0
1851,1.3265,0,0,0,11.1,5.52,0,0,0,4.34299,5.67966,0,0,0
1852,1.3264,0,0,0,11.4,5.51,0,0,0,4.32436,5.66843,0,0,0
1853,1.3264,0,0,0,11.6,5.51,0,0,0,4.30717,5.65545,0,0,0
1854,1.3263,0,0,0,11.8,5.49,0,0,0,4.28102,5.64175,0,0,0
1855,1.3262,0,0,0,12.1,5.47,0,0,0,4.27333,5.62272,0,0,0
1856,1.3262,0,0,0,12.4,5.46,0,0,0,4.25741,5.6068,0,0,0
1857,1.3261,0,0,0,12.7,5.45,0,0,0,4.23467,5.59803,0,0,0
1858,1.326,0,0,0,13,5.45,0,0,0,4.20623,5.59697,0,0,0
1859,1.326,0,0,0,13.3,5.44,0,0,0,4.16861,5.59846,0,0,0
1860,1.3259,0,0,0,13.8,5.44,0,0,0,4.12869,5.60891,0,0,0
1861,1.3258,0,0,0,14.1,5.44,0,0,0,4.08078,5.62344,0,0,0
1862,1.3257,0,0,0,14.8,5.45,0,0,0,4.04711,5.64492,0,0,0
1863,1.3257,0,0,0,15.3,5.47,0,0,0,4.01037,5.65528,0,0,0
1864,1.3256,0,0,0,15.9,5.46,0,0,0,3.9605,5.65705,0,0,0
1865,1.3255,0,0,0,16.4,5.45,0,0,0,3.90105,5.64921,0,0,0
1866,1.3255,0,0,0,17.1,5.45,0,0,0,3.83389,5.63298,0,0,0
1867,1.3254,0,0,0,17.7,5.41,0,0,0,3.76191,5.60525,0,0,0
1868,1.3253,0,0,0,18.5,5.38,0,0,0,3.69271,5.56746,0,0,0
1869,1.3252,0,0,0,19.3,5.28,0,0,0,3.61726,5.51898,0,0,0
1870,1.3252,0,0,0,20.5,5.23,0,0,0,3.53857,5.46723,0,0,0
1871,1.3251,0,0,0,21.5,5.2,0,0,0,3.46367,5.42173,0,0,0
1872,1.325,0,0,0,22.5,5.17,0,0,0,3.4007,5.38897,0,0,0
1873,1.325,0,0,0,23.7,5.14,0,0,0,3.35623,5.36786,0,0,0
1874,1.3249,0,0,0,24.8,5.12,0,0,0,3.32014,5.36214,0,0,0
1875,1.3248,0,0,0,26.2,5.11,0,0,0,3.29632,5.36681,0,0,0
1876,1.3247,0,0,0,27.5,5.13,0,0,0,3.27977,5.37907,0,0,0
1877,1.3247,0,0,0,29.7,5.14,0,0,0,3.28363,5.38984,0,0,0
1878,1.3246,0,0,0,31.4,5.17,0,0,0,3.29353,5.40554,0,0,0
1879,1.3245,0,0,0,33.2,5.18,0,0,0,3.30985,5.42152,0,0,0
1880,1.3245,0,0,0,35,5.19,0,0,0,3.3293,5.43135,0,0,0
1881,1.3244,0,0,0,37.3,5.18,0,0,0,3.36121,5.43626,0,0,0
1882,1.3243,0,0,0,39.3,5.2,0,0,0,3.40153,5.43476,0,0,0
1883,1.3242,0,0,0,42.7,5.2,0,0,0,3.46995,5.42942,0,0,0
1884,1.3242,0,0,0,45.3,5.2,0,0,0,3.55002,5.42507,0,0,0
1885,1.3241,0,0,0,47.9,5.22,0,0,0,3.65712,5.42813,0,0,0
1886,1.324,0,0,0,50.6,5.24,0,0,0,3.76686,5.43839,0,0,0
1887,1.324,0,0,0,53.6,5.3,0,0,0,3.90165,5.45818,0,0,0
1888,1.3239,0,0,0,57.6,5.32,0,0,0,4.05638,5.48679,0,0,0
1889,1.3238,0,0,0,60.9,5.38,0,0,0,4.22986,5.52161,0,0,0
1890,1.3238,0,0,0,64,5.44,0,0,0,4.4267,5.5608,0,0,0
1891,1.3237,0,0,0,67.2,5.49,0,0,0,4.64443,5.60493,0,0,0
1892,1.3236,0,0,0,70.6,5.56,0,0,0,4.88562,5.65152,0,0,0
1893,1.3236,0,0,0,75,5.63,0,0,0,5.12367,5.6982,0,0,0
1894,1.3235,0,0,0,78.4,5.69,0,0,0,5.37238,5.73934,0,0,0
1895,1.3234,0,0,0,81.6,5.76,0,0,0,5.63482,5.78295,0,0,0
1896,1.3234,0,0,0,84.7,5.83,0,0,0,5.91277,5.8295,0,0,0
1897,1.3233,0,0,0,87.5,5.91,0,0,0,6.20553,5.88268,0,0,0
1898,1.3232,0,0,0,91.9,6,0,0,0,6.51767,5.94378,0,0,0
1899,1.3232,0,0,0,94.6,6.09,0,0,0,6.82637,6.00897,0,0,0
1900,1.3231,0,0,0,97.2,6.19,0,0,0,7.14743,6.0818,0,0,0
1901,1.3231,0,0,0,100,6.33,0,0,0,7.48375,6.16653,0,0,0
1902,1.323,0,0,0,103,6.45,0,0,0,7.83561,6.25739,0,0,0
1903,1.3229,0,0,0,106,6.58,0,0,0,8.19747,6.35662,0,0,0
1904,1.3229,0,0,0,108,6.71,0,0,0,8.55623,6.45977,0,0,0
1905,1.3228,0,0,0,110,6.84,0,0,0,8.91913,6.56362,0,0,0
1906,1.3227,0,0,0,112,6.97,0,0,0,9.28496,6.67301,0,0,0
1907,1.3227,0,0,0,114,7.11,0,0,0,9.65515,6.78134,0,0,0
1908,1.3226,0,0,0,116,7.24,0,0,0,10.0272,6.88663,0,0,0
1909,1.3225,0,0,0,117,7.39,0,0,0,10.3842,6.99178,0,0,0
1910,1.3225,0,0,0,119,7.51,0,0,0,10.7344,7.09433,0,0,0
1911,1.3224,0,0,0,120,7.64,0,0,0,11.0836,7.19111,0,0,0
1912,1.3224,0,0,0,122,7.77,0,0,0,11.4299,7.28121,0,0,0
1913,1.3223,0,0,0,123,7.87,0,0,0,11.7759,7.35781,0,0,0
1914,1.3222,0,0,0,124,7.98,0,0,0,12.1059,7.4267,0,0,0
1915,1.3222,0,0,0,125,8.07,0,0,0,12.4311,7.48877,0,0,0
1916,1.3221,0,0,0,126,8.15,0,0,0,12.7522,7.5415,0,0,0
1917,1.322,0,0,0,127,8.22,0,0,0,13.0668,7.59274,0,0,0
1918,1.322,0,0,0,128,8.29,0,0,0,13.3701,7.64115,0,0,0
1919,1.3219,0,0,0,128,8.35,0,0,0,13.6644,7.68487,0,0,0
1920,1.3218,0,0,0,129,8.45,0,0,0,13.9491,7.72955,0,0,0
1921,1.3218,0,0,0,129,8.52,0,0,0,14.2235,7.77267,0,0,0
1922,1.3217,0,0,0,130,8.58,0,0,0,14.4861,7.81634,0,0,0
1923,1.3216,0,0,0,130,8.67,0,0,0,14.7403,7.86109,0,0,0
1924,1.3216,0,0,0,130,8.72,0,0,0,14.9812,7.90318,0,0,0
1925,1.3215,0,0,0,130,8.76,0,0,0,15.2098,7.93709,0,0,0
1926,1.3214,0,0,0,131,8.82,0,0,0,15.4279,7.96222,0,0,0
1927,1.3213,0,0,0,131,8.86,0,0,0,15.6347,7.97896,0,0,0
1928,1.3213,0,0,0,131,8.91,0,0,0,15.8291,7.99546,0,0,0
1929,1.3212,0,0,0,131,8.94,0,0,0,16.011,8.00994,0,0,0
1930,1.3211,0,0,0,130,8.95,0,0,0,16.1813,8.01725,0,0,0
1931,1.3211,0,0,0,130,8.96,0,0,0,16.3426,8.02099,0,0,0
1932,1.321,0,0,0,130,8.98,0,0,0,16.4912,8.02305,0,0,0
1933,1.3209,0,0,0,130,9.02,0,0,0,16.6309,8.02048,0,0,0
1934,1.3208,0,0,0,129,9.04,0,0,0,16.7579,8.0171,0,0,0
1935,1.3208,0,0,0,129,9.04,0,0,0,16.8747,8.01171,0,0,0
1936,1.3207,0,0,0,128,9.03,0,0,0,16.9765,8.00624,0,0,0
1937,1.3206,0,0,0,128,9.03,0,0,0,17.067,8.00195,0,0,0
1938,1.3206,0,0,0,127,9.05,0,0,0,17.1481,7.99395,0,0,0
1939,1.3205,0,0,0,126,9.05,0,0,0,17.2166,7.98153,0,0,0
1940,1.3204,0,0,0,126,9.04,0,0,0,17.2755,7.97102,0,0,0
1941,1.3204,0,0,0,125,9.04,0,0,0,17.3243,7.95984,0,0,0
1942,1.3203,0,0,0,124,9.04,0,0,0,17.3619,7.95136,0,0,0
1943,1.3202,0,0,0,123,9.04,0,0,0,17.3905,7.94081,0,0,0
1944,1.3202,0,0,0,122,9.02,0,0,0,17.4097,7.92829,0,0,0
1945,1.3201,0,0,0,122,9.02,0,0,0,17.4227,7.91487,0,0,0
1946,1.32,0,0,0,121,9.01,0,0,0,17.431,7.90283,0,0,0
1947,1.32,0,0,0,120,8.97,0,0,0,17.4357,7.89045,0,0,0
1948,1.3199,0,0,0,119,8.97,0,0,0,17.4339,7.87612,0,0,0
1949,1.3199,0,0,0,118,8.95,0,0,0,17.4258,7.86194,0,0,0
1950,1.3198,0,0,0,117,8.96,0,0,0,17.4132,7.8485,0,0,0
1951,1.3197,0,0,0,116,8.94,0,0,0,17.3977,7.83644,0,0,0
1952,1.3197,0,0,0,115,8.92,0,0,0,17.3868,7.82318,0,0,0
1953,1.3196,0,0,0,114,8.91,0,0,0,17.3796,7.80954,0,0,0
1954,1.3195,0,0,0,113,8.9,0,0,0,17.3735,7.79809,0,0,0
1955,1.3195,0,0,0,112,8.89,0,0,0,17.3705,7.78347,0,0,0
1956,1.3194,0,0,0,111,8.88,0,0,0,17.3744,7.77419,0,0,0
1957,1.3193,0,0,0,110,8.87,0,0,0,17.3849,7.76544,0,0,0
1958,1.3193,0,0,0,109,8.86,0,0,0,17.4019,7.76239,0,0,0
1959,1.3192,0,0,0,108,8.85,0,0,0,17.4235,7.76139,0,0,0
1960,1.3191,0,0,0,107,8.86,0,0,0,17.4546,7.75655,0,0,0
1961,1.3191,0,0,0,106,8.86,0,0,0,17.4906,7.74907,0,0,0
1962,1.319,0,0,0,104,8.88,0,0,0,17.5303,7.74076,0,0,0
1963,1.3189,0,0,0,104,8.87,0,0,0,17.5762,7.73547,0,0,0
1964,1.3189,0,0,0,102,8.87,0,0,0,17.6234,7.72684,0,0,0
1965,1.3188,0,0,0,101,8.86,0,0,0,17.6728,7.71594,0,0,0
1966,1.3187,0,0,0,101,8.83,0,0,0,17.7204,7.70398,0,0,0
1967,1.3186,0,0,0,99.3,8.84,0,0,0,17.768,7.69186,0,0,0
1968,1.3186,0,0,0,98.3,8.86,0,0,0,17.8157,7.67752,0,0,0
1969,1.3185,0,0,0,97.1,8.86,0,0,0,17.8604,7.66471,0,0,0
1970,1.3184,0,0,0,96.3,8.83,0,0,0,17.8985,7.65525,0,0,0
1971,1.3183,0,0,0,94.9,8.84,0,0,0,17.9319,7.64619,0,0,0
1972,1.3183,0,0,0,94.1,8.84,0,0,0,17.9609,7.63958,0,0,0
1973,1.3182,0,0,0,93.4,8.83,0,0,0,17.9834,7.63226,0,0,0
1974,1.3181,0,0,0,92.1,8.81,0,0,0,17.996,7.62433,0,0,0
1975,1.318,0,0,0,91.2,8.82,0,0,0,17.9991,7.61831,0,0,0
1976,1.318,0,0,0,90.1,8.81,0,0,0,17.9924,7.61338,0,0,0
1977,1.3179,0,0,0,89.3,8.8,0,0,0,17.9741,7.60997,0,0,0
1978,1.3178,0,0,0,88,8.79,0,0,0,17.9402,7.60626,0,0,0
1979,1.3177,0,0,0,87.3,8.79,0,0,0,17.8961,7.60253,0,0,0
1980,1.3177,0,0,0,86.1,8.8,0,0,0,17.8408,7.60046,0,0,0
1981,1.3176,0,0,0,85.3,8.77,0,0,0,17.7774,7.60016,0,0,0
1982,1.3175,0,0,0,84.6,8.75,0,0,0,17.7052,7.60134,0,0,0
1983,1.3174,0,0,0,83.4,8.76,0,0,0,17.6236,7.60739,0,0,0
1984,1.3174,0,0,0,82.6,8.76,0,0,0,17.5334,7.61447,0,0,0
1985,1.3173,0,0,0,81.5,8.75,0,0,0,17.4376,7.62585,0,0,0
1986,1.3172,0,0,0,80.8,8.76,0,0,0,17.3395,7.64509,0,0,0
1987,1.3171,0,0,0,79.7,8.78,0,0,0,17.2353,7.66954,0,0,0
1988,1.3171,0,0,0,79,8.79,0,0,0,17.1249,7.70102,0,0,0
1989,1.317,0,0,0,78,8.8,0,0,0,17.0121,7.73481,0,0,0
1990,1.3169,0,0,0,77.2,8.81,0,0,0,16.8967,7.77365,0,0,0
1991,1.3168,0,0,0,76.3,8.85,0,0,0,16.7791,7.81695,0,0,0
1992,1.3167,0,0,0,75.6,8.87,0,0,0,16.6593,7.86106,0,0,0
1993,1.3167,0,0,0,74.6,8.89,0,0,0,16.537,7.90143,0,0,0
1994,1.3166,0,0,0,73.9,8.91,0,0,0,16.4086,7.94298,0,0,0
1995,1.3165,0,0,0,73,8.94,0,0,0,16.2781,7.98715,0,0,0
1996,1.3164,0,0,0,72.3,8.98,0,0,0,16.143,8.03346,0,0,0
1997,1.3163,0,0,0,71.4,8.99,0,0,0,16.0075,8.07779,0,0,0
1998,1.3162,0,0,0,70.8,9,0,0,0,15.87,8.12218,0,0,0
1999,1.3162,0,0,0,69.9,9.03,0,0,0,15.7322,8.16927,0,0,0
2000,1.3161,0,0,0,69.2,9.08,0,0,0,15.5935,8.21959,0,0,0
2001,1.316,0,0,0,68.7,9.11,0,0,0,15.4608,8.27133,0,0,0
2002,1.3159,0,0,0,67.8,9.14,0,0,0,15.327,8.32855,0,0,0
2003,1.3158,0,0,0,66.9,9.17,0,0,0,15.1945,8.38828,0,0,0
2004,1.3157,0,0,0,66.3,9.21,0,0,0,15.0623,8.45456,0,0,0
2005,1.3157,0,0,0,65.5,9.26,0,0,0,14.9325,8.52288,0,0,0
2006,1.3156,0,0,0,64.9,9.3,0,0,0,14.8031,8.59356,0,0,0
2007,1.3155,0,0,0,64.1,9.36,0,0,0,14.6687,8.66536,0,0,0
2008,1.3154,0,0,0,63.6,9.41,0,0,0,14.5349,8.73991,0,0,0
2009,1.3153,0,0,0,62.8,9.45,0,0,0,14.4038,8.81496,0,0,0
2010,1.3152,0,0,0,62.3,9.52,0,0,0,14.2724,8.89448,0,0,0
2011,1.3152,0,0,0,61.6,9.58,0,0,0,14.1427,8.976,0,0,0
2012,1.3151,0,0,0,61.1,9.64,0,0,0,14.0161,9.06018,0,0,0
2013,1.315,0,0,0,60.3,9.69,0,0,0,13.8934,9.14982,0,0,0
2014,1.3149,0,0,0,59.8,9.76,0,0,0,13.7728,9.24734,0,0,0
2015,1.3148,0,0,0,59.1,9.85,0,0,0,13.6582,9.35692,0,0,0
2016,1.3147,0,0,0,58.6,9.95,0,0,0,13.552,9.47408,0,0,0
2017,1.3146,0,0,0,57.9,10,0,0,0,13.4497,9.59759,0,0,0
2018,1.3145,0,0,0,57.5,10.1,0,0,0,13.3518,9.73307,0,0,0
2019,1.3145,0,0,0,56.8,10.3,0,0,0,13.2634,9.87422,0,0,0
2020,1.3144,0,0,0,56.3,10.4,0,0,0,13.1796,10.0208,0,0,0
2021,1.3143,0,0,0,55.7,10.5,0,0,0,13.103,10.1721,0,0,0
2022,1.3142,0,0,0,55,10.6,0,0,0,13.0359,10.3282,0,0,0
2023,1.3141,0,0,0,54.6,10.8,0,0,0,12.9728,10.486,0,0,0
2024,1.314,0,0,0,54,10.9,0,0,0,12.9215,10.6452,0,0,0
2025,1.3139,0,0,0,53.6,11,0,0,0,12.8794,10.8087,0,0,0
2026,1.3138,0,0,0,52.9,11.2,0,0,0,12.8465,10.9758,0,0,0
2027,1.3137,0,0,0,52.6,11.4,0,0,0,12.8281,11.1488,0,0,0
2028,1.3136,0,0,0,52,11.5,0,0,0,12.8216,11.3263,0,0,0
2029,1.3135,0,0,0,51.4,11.7,0,0,0,12.8317,11.5091,0,0,0
2030,1.3134,0,0,0,51,11.8,0,0,0,12.8562,11.6895,0,0,0
2031,1.3133,0,0,0,50.5,12,0,0,0,12.8977,11.8758,0,0,0
2032,1.3132,0,0,0,50.1,12.2,0,0,0,12.9535,12.0623,0,0,0
2033,1.3131,0,0,0,49.5,12.3,0,0,0,13.0256,12.2505,0,0,0
2034,1.313,0,0,0,49.2,12.5,0,0,0,13.1144,12.4408,0,0,0
2035,1.3129,0,0,0,48.6,12.7,0,0,0,13.2186,12.6348,0,0,0
2036,1.3128,0,0,0,48.1,12.9,0,0,0,13.3353,12.8295,0,0,0
2037,1.3127,0,0,0,47.7,13.1,0,0,0,13.4704,13.0242,0,0,0
2038,1.3126,0,0,0,47.2,13.3,0,0,0,13.6194,13.2168,0,0,0
2039,1.3125,0,0,0,46.9,13.5,0,0,0,13.777,13.4138,0,0,0
2040,1.3124,0,0,0,46.4,13.6,0,0,0,13.9478,13.6119,0,0,0
2041,1.3123,0,0,0,45.8,13.8,0,0,0,14.1269,13.81,0,0,0
2042,1.3122,0,0,0,45.5,14,0,0,0,14.3152,14.007,0,0,0
2043,1.3121,0,0,0,45,14.2,0,0,0,14.5,14.1991,0,0,0
2044,1.312,0,0,0,44.7,14.4,0,0,0,14.6843,14.3894,0,0,0
2045,1.3119,0,0,0,44.3,14.6,0,0,0,14.8708,14.5768,0,0,0
2046,1.3118,0,0,0,43.8,14.8,0,0,0,15.0493,14.764,0,0,0
2047,1.3117,0,0,0,43.5,15,0,0,0,15.2133,14.9562,0,0,0
2048,1.3116,0,0,0,43,15.2,0,0,0,15.3629,15.1457,0,0,0
2049,1.3115,0,0,0,42.7,15.3,0,0,0,15.4955,15.334,0,0,0
2050,1.3114,0,0,0,42.3,15.5,0,0,0,15.6003,15.5219,0,0,0
2051,1.3113,0,0,0,41.9,15.7,0,0,0,15.6896,15.7132,0,0,0
2052,1.3111,0,0,0,41.6,15.9,0,0,0,15.7512,15.9015,0,0,0
2053,1.311,0,0,0,41.2,16.1,0,0,0,15.7749,16.0897,0,0,0
2054,1.3109,0,0,0,40.7,16.2,0,0,0,15.7713,16.275,0,0,0
2055,1.3108,0,0,0,40.5,16.4,0,0,0,15.7241,16.4539,0,0,0
2056,1.3107,0,0,0,40,16.5,0,0,0,15.6389,16.6272,0,0,0
2057,1.3106,0,0,0,39.8,16.7,0,0,0,15.5145,16.7905,0,0,0
2058,1.3105,0,0,0,39.3,16.8,0,0,0,15.3528,16.9523,0,0,0
2059,1.3104,0,0,0,38.9,16.9,0,0,0,15.1503,17.1007,0,0,0
2060,1.3103,0,0,0,38.7,17,0,0,0,14.9077,17.2489,0,0,0
2061,1.3102,0,0,0,38.3,17.1,0,0,0,14.6268,17.3939,0,0,0
2062,1.3101,0,0,0,37.9,17.2,0,0,0,14.3108,17.5327,0,0,0
2063,1.31,0,0,0,37.6,17.3,0,0,0,13.9665,17.6712,0,0,0
2064,1.3098,0,0,0,37.3,17.3,0,0,0,13.593,17.8086,0,0,0
2065,1.3097,0,0,0,36.9,17.4,0,0,0,13.1946,17.9464,0,0,0
2066,1.3096,0,0,0,36.6,17.5,0,0,0,12.7801,18.0815,0,0,0
2067,1.3095,0,0,0,36.3,17.6,0,0,0,12.3439,18.2149,0,0,0
2068,1.3094,0,0,0,35.9,17.6,0,0,0,11.8869,18.3492,0,0,0
2069,1.3093,0,0,0,35.7,17.7,0,0,0,11.4272,18.4803,0,0,0
2070,1.3092,0,0,0,35.4,17.7,0,0,0,10.9628,18.6074,0,0,0
2071,1.3091,0,0,0,35,17.8,0,0,0,10.4903,18.729,0,0,0
2072,1.3089,0,0,0,34.8,17.8,0,0,0,10.0197,18.8492,0,0,0
2073,1.3088,0,0,0,34.5,17.9,0,0,0,9.55634,18.9576,0,0,0
2074,1.3087,0,0,0,34.1,17.9,0,0,0,9.10418,19.0637,0,0,0
2075,1.3086,0,0,0,33.9,18,0,0,0,8.66612,19.1731,0,0,0
2076,1.3085,0,0,0,33.6,18,0,0,0,8.24628,19.2801,0,0,0
2077,1.3084,0,0,0,33.3,18.1,0,0,0,7.84903,19.3844,0,0,0
2078,1.3083,0,0,0,33.1,18.1,0,0,0,7.46808,19.486,0,0,0
2079,1.3081,0,0,0,32.8,18.1,0,0,0,7.1115,19.5863,0,0,0
2080,1.308,0,0,0,32.5,18.2,0,0,0,6.78593,19.6873,0,0,0
2081,1.3079,0,0,0,32.3,18.3,0,0,0,6.49418,19.7853,0,0,0
2082,1.3078,0,0,0,32,18.3,0,0,0,6.21651,19.8851,0,0,0
2083,1.3077,0,0,0,31.7,18.4,0,0,0,5.96552,19.9785,0,0,0
2084,1.3075,0,0,0,31.5,18.4,0,0,0,5.74043,20.0655,0,0,0
2085,1.3074,0,0,0,31.3,18.5,0,0,0,5.53383,20.1486,0,0,0
2086,1.3073,0,0,0,31,18.5,0,0,0,5.34901,20.2299,0,0,0
2087,1.3072,0,0,0,30.7,18.6,0,0,0,5.19027,20.3033,0,0,0
2088,1.3071,0,0,0,30.5,18.6,0,0,0,5.04929,20.3717,0,0,0
2089,1.307,0,0,0,30.3,18.7,0,0,0,4.92143,20.4405,0,0,0
2090,1.3068,0,0,0,30,18.7,0,0,0,4.80939,20.5078,0,0,0
2091,1.3067,0,0,0,29.8,18.8,0,0,0,4.72165,20.5729,0,0,0
2092,1.3066,0,0,0,29.6,18.8,0,0,0,4.65259,20.6393,0,0,0
2093,1.3065,0,0,0,29.3,18.9,0,0,0,4.60243,20.7049,0,0,0
2094,1.3064,0,0,0,29.1,18.9,0,0,0,4.56357,20.7697,0,0,0
2095,1.3062,0,0,0,28.9,19,0,0,0,4.54476,20.8338,0,0,0
2096,1.3061,0,0,0,28.7,19,0,0,0,4.53793,20.8987,0,0,0
2097,1.306,0,0,0,28.4,19.1,0,0,0,4.53405,20.9608,0,0,0
2098,1.3059,0,0,0,28.2,19.1,0,0,0,4.5396,21.0205,0,0,0
2099,1.3058,0,0,0,28,19.2,0,0,0,4.56155,21.0723,0,0,0
2100,1.3057,0,0,0,27.8,19.2,0,0,0,4.58587,21.1193,0,0,0
2101,1.3055,0,0,0,27.5,19.3,0,0,0,4.61422,21.1562,0,0,0
2102,1.3054,0,0,0,27.4,19.3,0,0,0,4.65071,21.1857,0,0,0
2103,1.3053,0,0,0,27.1,19.3,0,0,0,4.69963,21.213,0,0,0
2104,1.3052,0,0,0,26.9,19.4,0,0,0,4.74852,21.2408,0,0,0
2105,1.3051,0,0,0,26.7,19.4,0,0,0,4.8035,21.2645,0,0,0
2106,1.305,0,0,0,26.6,19.4,0,0,0,4.86249,21.2898,0,0,0
2107,1.3048,0,0,0,26.4,19.4,0,0,0,4.92669,21.314,0,0,0
2108,1.3047,0,0,0,26.2,19.5,0,0,0,4.99758,21.3364,0,0,0
2109,1.3046,0,0,0,26,19.5,0,0,0,5.07882,21.3643,0,0,0
2110,1.3045,0,0,0,25.8,19.5,0,0,0,5.16605,21.3907,0,0,0
2111,1.3044,0,0,0,25.7,19.6,0,0,0,5.25247,21.4152,0,0,0
2112,1.3042,0,0,0,25.5,19.6,0,0,0,5.34313,21.4373,0,0,0
2113,1.3041,0,0,0,25.3,19.6,0,0,0,5.44087,21.4523,0,0,0
2114,1.304,0,0,0,25.2,19.6,0,0,0,5.53955,21.4675,0,0,0
2115,1.3039,0,0,0,25,19.7,0,0,0,5.64106,21.4762,0,0,0
2116,1.3038,0,0,0,24.9,19.7,0,0,0,5.74656,21.4802,0,0,0
2117,1.3037,0,0,0,24.7,19.7,0,0,0,5.86801,21.483,0,0,0
2118,1.3035,0,0,0,24.6,19.7,0,0,0,5.99336,21.4818,0,0,0
2119,1.3034,0,0,0,24.4,19.7,0,0,0,6.13367,21.4808,0,0,0
2120,1.3033,0,0,0,24.2,19.7,0,0,0,6.29018,21.4794,0,0,0
2121,1.3032,0,0,0,24,19.7,0,0,0,6.46549,21.472,0,0,0
2122,1.3031,0,0,0,23.9,19.8,0,0,0,6.65823,21.4629,0,0,0
2123,1.303,0,0,0,23.7,19.8,0,0,0,6.8691,21.4565,0,0,0
2124,1.3028,0,0,0,23.6,19.8,0,0,0,7.09956,21.4476,0,0,0
2125,1.3027,0,0,0,23.4,19.8,0,0,0,7.34956,21.4324,0,0,0
2126,1.3026,0,0,0,23.3,19.8,0,0,0,7.61275,21.4179,0,0,0
2127,1.3025,0,0,0,23.2,19.8,0,0,0,7.89448,21.399,0,0,0
2128,1.3023,0,0,0,23,19.9,0,0,0,8.19877,21.3772,0,0,0
2129,1.3022,0,0,0,22.9,19.9,0,0,0,8.52882,21.3537,0,0,0
2130,1.3021,0,0,0,22.8,19.9,0,0,0,8.86939,21.326,0,0,0
2131,1.302,0,0,0,22.6,19.9,0,0,0,9.22462,21.2978,0,0,0
2132,1.3019,0,0,0,22.5,19.9,0,0,0,9.59991,21.2665,0,0,0
2133,1.3017,0,0,0,22.4,19.9,0,0,0,9.99933,21.2381,0,0,0
2134,1.3016,0,0,0,22.3,20,0,0,0,10.4151,21.2089,0,0,0
2135,1.3015,0,0,0,22.1,20,0,0,0,10.8447,21.1796,0,0,0
2136,1.3014,0,0,0,22,20,0,0,0,11.2883,21.1509,0,0,0
2137,1.3012,0,0,0,21.9,20,0,0,0,11.7524,21.1217,0,0,0
2138,1.3011,0,0,0,21.8,20.1,0,0,0,12.2274,21.093,0,0,0
2139,1.301,0,0,0,21.7,20.1,0,0,0,12.7147,21.0606,0,0,0
2140,1.3009,0,0,0,21.6,20.1,0,0,0,13.2128,21.0269,0,0,0
2141,1.3007,0,0,0,21.5,20.2,0,0,0,13.7172,20.9863,0,0,0
2142,1.3006,0,0,0,21.4,20.2,0,0,0,14.234,20.9429,0,0,0
2143,1.3005,0,0,0,21.3,20.2,0,0,0,14.7526,20.9022,0,0,0
2144,1.3004,0,0,0,21.2,20.2,0,0,0,15.2766,20.856,0,0,0
2145,1.3003,0,0,0,21.1,20.2,0,0,0,15.8048,20.8044,0,0,0
2146,1.3002,0,0,0,21,20.2,0,0,0,16.3443,20.7502,0,0,0
2147,1.3,0,0,0,20.9,20.3,0,0,0,16.8896,20.6926,0,0,0
2148,1.2999,0,0,0,20.9,20.3,0,0,0,17.4315,20.6355,0,0,0
2149,1.2998,0,0,0,20.8,20.3,0,0,0,17.9752,20.5779,0,0,0
2150,1.2997,0,0,0,20.7,20.3,0,0,0,18.5216,20.5108,0,0,0
2151,1.2996,0,0,0,20.6,20.3,0,0,0,19.0666,20.4435,0,0,0
2152,1.2994,0,0,0,20.5,20.3,0,0,0,19.6117,20.3777,0,0,0
2153,1.2993,0,0,0,20.4,20.3,0,0,0,20.1502,20.3107,0,0,0
2154,1.2992,0,0,0,20.3,20.3,0,0,0,20.6877,20.2386,0,0,0
2155,1.2991,0,0,0,20.3,20.3,0,0,0,21.2157,20.1705,0,0,0
2156,1.299,0,0,0,20.2,20.3,0,0,0,21.7351,20.1036,0,0,0
2157,1.2989,0,0,0,20.1,20.3,0,0,0,22.2492,20.0434,0,0,0
2158,1.2987,0,0,0,20,20.3,0,0,0,22.7526,19.9808,0,0,0
2159,1.2986,0,0,0,20,20.3,0,0,0,23.2396,19.9161,0,0,0
2160,1.2985,0,0,0,19.9,20.3,0,0,0,23.7127,19.8538,0,0,0
2161,1.2984,0,0,0,19.8,20.3,0,0,0,24.1737,19.7904,0,0,0
2162,1.2982,0,0,0,19.8,20.3,0,0,0,24.6222,19.7261,0,0,0
2163,1.2981,0,0,0,19.7,20.3,0,0,0,25.0544,19.6598,0,0,0
2164,1.298,0,0,0,19.6,20.3,0,0,0,25.4622,19.5861,0,0,0
2165,1.2979,0,0,0,19.6,20.3,0,0,0,25.8464,19.5138,0,0,0
2166,1.2978,0,0,0,19.5,20.2,0,0,0,26.214,19.4416,0,0,0
2167,1.2976,0,0,0,19.5,20.2,0,0,0,26.5623,19.3705,0,0,0
2168,1.2975,0,0,0,19.4,20.2,0,0,0,26.8911,19.2967,0,0,0
2169,1.2974,0,0,0,19.4,20.2,0,0,0,27.2034,19.2268,0,0,0
2170,1.2973,0,0,0,19.3,20.1,0,0,0,27.4903,19.1572,0,0,0
2171,1.2971,0,0,0,19.3,20.1,0,0,0,27.7589,19.0913,0,0,0
2172,1.297,0,0,0,19.2,20.1,0,0,0,28.013,19.0236,0,0,0
2173,1.2969,0,0,0,19.2,20,0,0,0,28.2449,18.9572,0,0,0
2174,1.2968,0,0,0,19.1,20,0,0,0,28.4613,18.8889,0,0,0
2175,1.2967,0,0,0,19.1,20,0,0,0,28.6633,18.8177,0,0,0
2176,1.2965,0,0,0,19,19.9,0,0,0,28.8497,18.7425,0,0,0
2177,1.2964,0,0,0,19,19.9,0,0,0,29.0164,18.6679,0,0,0
2178,1.2963,0,0,0,19,19.8,0,0,0,29.1687,18.5919,0,0,0
2179,1.2962,0,0,0,18.9,19.8,0,0,0,29.3098,18.513,0,0,0
2180,1.296,0,0,0,18.8,19.7,0,0,0,29.4396,18.4349,0,0,0
2181,1.2959,0,0,0,18.8,19.6,0,0,0,29.5518,18.3599,0,0,0
2182,1.2958,0,0,0,18.7,19.6,0,0,0,29.6476,18.2801,0,0,0
2183,1.2957,0,0,0,18.7,19.5,0,0,0,29.7319,18.202,0,0,0
2184,1.2956,0,0,0,18.7,19.5,0,0,0,29.8071,18.1275,0,0,0
2185,1.2955,0,0,0,18.6,19.4,0,0,0,29.8644,18.0544,0,0,0
2186,1.2953,0,0,0,18.6,19.4,0,0,0,29.9103,17.984,0,0,0
2187,1.2952,0,0,0,18.5,19.3,0,0,0,29.9456,17.9107,0,0,0
2188,1.2951,0,0,0,18.5,19.2,0,0,0,29.968,17.8349,0,0,0
2189,1.295,0,0,0,18.5,19.2,0,0,0,29.9814,17.7633,0,0,0
2190,1.2949,0,0,0,18.4,19.1,0,0,0,29.9838,17.6952,0,0,0
2191,1.2948,0,0,0,18.4,19.1,0,0,0,29.974,17.6277,0,0,0
2192,1.2946,0,0,0,18.4,19,0,0,0,29.9523,17.5581,0,0,0
2193,1.2945,0,0,0,18.4,18.9,0,0,0,29.9154,17.4911,0,0,0
2194,1.2944,0,0,0,18.4,18.9,0,0,0,29.8686,17.4283,0,0,0
2195,1.2943,0,0,0,18.4,18.8,0,0,0,29.8134,17.3699,0,0,0
2196,1.2942,0,0,0,18.4,18.7,0,0,0,29.7495,17.3099,0,0,0
2197,1.294,0,0,0,18.4,18.7,0,0,0,29.6779,17.2526,0,0,0
2198,1.2939,0,0,0,18.4,18.6,0,0,0,29.6025,17.1986,0,0,0
2199,1.2938,0,0,0,18.4,18.6,0,0,0,29.5216,17.146,0,0,0
2200,1.2937,0,0,0,18.3,18.5,0,0,0,29.4331,17.0954,0,0,0
2201,1.2935,0,0,0,18.3,18.5,0,0,0,29.3429,17.0435,0,0,0
2202,1.2934,0,0,0,18.3,18.4,0,0,0,29.2466,16.9922,0,0,0
2203,1.2933,0,0,0,18.3,18.3,0,0,0,29.1448,16.946,0,0,0
2204,1.2932,0,0,0,18.3,18.3,0,0,0,29.0374,16.9015,0,0,0
2205,1.2931,0,0,0,18.3,18.2,0,0,0,28.9199,16.8547,0,0,0
2206,1.2929,0,0,0,18.3,18.2,0,0,0,28.7905,16.8067,0,0,0
2207,1.2928,0,0,0,18.3,18.1,0,0,0,28.652,16.7607,0,0,0
2208,1.2927,0,0,0,18.3,18.1,0,0,0,28.5067,16.718,0,0,0
2209,1.2926,0,0,0,18.3,18,0,0,0,28.3527,16.6756,0,0,0
2210,1.2924,0,0,0,18.3,18,0,0,0,28.1841,16.6381,0,0,0
2211,1.2923,0,0,0,18.3,17.9,0,0,0,28.0047,16.6003,0,0,0
2212,1.2922,0,0,0,18.3,17.9,0,0,0,27.8164,16.5692,0,0,0
2213,1.2921,0,0,0,18.3,17.8,0,0,0,27.6222,16.5466,0,0,0
2214,1.2919,0,0,0,18.3,17.8,0,0,0,27.423,16.5295,0,0,0
2215,1.2918,0,0,0,18.3,17.8,0,0,0,27.2149,16.5181,0,0,0
2216,1.2917,0,0,0,18.3,17.7,0,0,0,26.9985,16.5103,0,0,0
2217,1.2916,0,0,0,18.4,17.7,0,0,0,26.777,16.5116,0,0,0
2218,1.2914,0,0,0,18.4,17.7,0,0,0,26.5519,16.519,0,0,0
2219,1.2913,0,0,0,18.4,17.7,0,0,0,26.32,16.5288,0,0,0
2220,1.2912,0,0,0,18.4,17.6,0,0,0,26.0844,16.5436,0,0,0
2221,1.2911,0,0,0,18.4,17.6,0,0,0,25.8509,16.563,0,0,0
2222,1.2909,0,0,0,18.4,17.6,0,0,0,25.6193,16.59,0,0,0
2223,1.2908,0,0,0,18.4,17.6,0,0,0,25.3891,16.6213,0,0,0
2224,1.2907,0,0,0,18.4,17.6,0,0,0,25.1682,16.665,0,0,0
2225,1.2906,0,0,0,18.4,17.7,0,0,0,24.956,16.7148,0,0,0
2226,1.2904,0,0,0,18.5,17.7,0,0,0,24.7573,16.7784,0,0,0
2227,1.2903,0,0,0,18.5,17.7,0,0,0,24.5727,16.8565,0,0,0
2228,1.2902,0,0,0,18.5,17.8,0,0,0,24.4037,16.9416,0,0,0
2229,1.2901,0,0,0,18.5,17.9,0,0,0,24.25,17.0366,0,0,0
2230,1.29,0,0,0,18.6,18,0,0,0,24.112,17.1438,0,0,0
2231,1.2898,0,0,0,18.6,18,0,0,0,23.994,17.266,0,0,0
2232,1.2897,0,0,0,18.6,18.1,0,0,0,23.8924,17.3954,0,0,0
2233,1.2896,0,0,0,18.6,18.3,0,0,0,23.8084,17.533,0,0,0
2234,1.2895,0,0,0,18.7,18.4,0,0,0,23.7415,17.6792,0,0,0
2235,1.2894,0,0,0,18.7,18.5,0,0,0,23.6916,17.8333,0,0,0
2236,1.2892,0,0,0,18.7,18.7,0,0,0,23.6643,17.9946,0,0,0
2237,1.2891,0,0,0,18.8,18.8,0,0,0,23.6598,18.1651,0,0,0
2238,1.289,0,0,0,18.8,19,0,0,0,23.6874,18.3478,0,0,0
2239,1.2889,0,0,0,18.8,19.1,0,0,0,23.7356,18.5373,0,0,0
2240,1.2888,0,0,0,18.9,19.3,0,0,0,23.8102,18.7387,0,0,0
2241,1.2887,0,0,0,18.9,19.5,0,0,0,23.9094,18.9505,0,0,0
2242,1.2885,0,0,0,19,19.7,0,0,0,24.0286,19.168,0,0,0
2243,1.2884,0,0,0,19,19.9,0,0,0,24.1685,19.398,0,0,0
2244,1.2883,0,0,0,19.1,20.2,0,0,0,24.3313,19.6376,0,0,0
2245,1.2882,0,0,0,19.1,20.4,0,0,0,24.5136,19.8828,0,0,0
2246,1.2881,0,0,0,19.2,20.7,0,0,0,24.714,20.1242,0,0,0
2247,1.288,0,0,0,19.2,20.9,0,0,0,24.932,20.3669,0,0,0
2248,1.2879,0,0,0,19.3,21.1,0,0,0,25.1664,20.6065,0,0,0
2249,1.2878,0,0,0,19.3,21.4,0,0,0,25.4161,20.8504,0,0,0
2250,1.2876,0,0,0,19.4,21.6,0,0,0,25.6838,21.0939,0,0,0
2251,1.2875,0,0,0,19.5,21.9,0,0,0,25.9651,21.3406,0,0,0
2252,1.2874,0,0,0,19.5,22.1,0,0,0,26.257,21.5852,0,0,0
2253,1.2873,0,0,0,19.6,22.4,0,0,0,26.5571,21.8277,0,0,0
2254,1.2872,0,0,0,19.7,22.6,0,0,0,26.8679,22.0703,0,0,0
2255,1.2871,0,0,0,19.7,22.9,0,0,0,27.1842,22.3145,0,0,0
2256,1.287,0,0,0,19.8,23.1,0,0,0,27.4994,22.5561,0,0,0
2257,1.2869,0,0,0,19.9,23.4,0,0,0,27.8128,22.7997,0,0,0
2258,1.2867,0,0,0,19.9,23.6,0,0,0,28.1249,23.0374,0,0,0
2259,1.2866,0,0,0,20,23.9,0,0,0,28.441,23.269,0,0,0
2260,1.2865,0,0,0,20,24.1,0,0,0,28.7525,23.4914,0,0,0
2261,1.2864,0,0,0,20.1,24.3,0,0,0,29.0623,23.7087,0,0,0
2262,1.2863,0,0,0,20.2,24.6,0,0,0,29.3629,23.9193,0,0,0
2263,1.2862,0,0,0,20.3,24.8,0,0,0,29.658,24.1308,0,0,0
2264,1.2861,0,0,0,20.4,25,0,0,0,29.9477,24.3425,0,0,0
2265,1.286,0,0,0,20.5,25.2,0,0,0,30.2286,24.5569,0,0,0
2266,1.2858,0,0,0,20.5,25.4,0,0,0,30.5094,24.7628,0,0,0
2267,1.2857,0,0,0,20.6,25.6,0,0,0,30.7928,24.9636,0,0,0
2268,1.2856,0,0,0,20.7,25.8,0,0,0,31.0753,25.16,0,0,0
2269,1.2855,0,0,0,20.8,26.1,0,0,0,31.3568,25.3468,0,0,0
2270,1.2854,0,0,0,20.9,26.3,0,0,0,31.6396,25.524,0,0,0
2271,1.2853,0,0,0,20.9,26.4,0,0,0,31.9174,25.6972,0,0,0
2272,1.2852,0,0,0,21,26.6,0,0,0,32.2007,25.8581,0,0,0
2273,1.2851,0,0,0,21.1,26.7,0,0,0,32.4809,26.0109,0,0,0
2274,1.285,0,0,0,21.3,26.9,0,0,0,32.7635,26.1456,0,0,0
2275,1.2848,0,0,0,21.4,27,0,0,0,33.0451,26.2628,0,0,0
2276,1.2847,0,0,0,21.5,27.2,0,0,0,33.3143,26.3754,0,0,0
2277,1.2846,0,0,0,21.5,27.3,0,0,0,33.5798,26.4795,0,0,0
2278,1.2845,0,0,0,21.6,27.4,0,0,0,33.8354,26.5848,0,0,0
2279,1.2844,0,0,0,21.7,27.5,0,0,0,34.0864,26.6917,0,0,0
2280,1.2843,0,0,0,21.8,27.6,0,0,0,34.3259,26.7972,0,0,0
2281,1.2842,0,0,0,21.9,27.8,0,0,0,34.56,26.9072,0,0,0
2282,1.2841,0,0,0,22,27.9,0,0,0,34.7807,27.0201,0,0,0
2283,1.284,0,0,0,22.1,28,0,0,0,34.9999,27.1377,0,0,0
2284,1.2839,0,0,0,22.2,28.2,0,0,0,35.1974,27.278,0,0,0
2285,1.2838,0,0,0,22.3,28.4,0,0,0,35.3751,27.4264,0,0,0
2286,1.2837,0,0,0,22.5,28.5,0,0,0,35.5278,27.5845,0,0,0
2287,1.2835,0,0,0,22.6,28.6,0,0,0,35.6639,27.7452,0,0,0
2288,1.2834,0,0,0,22.8,28.8,0,0,0,35.7704,27.9029,0,0,0
2289,1.2833,0,0,0,22.9,29,0,0,0,35.8545,28.0563,0,0,0
2290,1.2832,0,0,0,23,29.1,0,0,0,35.8982,28.2092,0,0,0
2291,1.2831,0,0,0,23.1,29.2,0,0,0,35.9276,28.354,0,0,0
2292,1.283,0,0,0,23.3,29.4,0,0,0,35.914,28.5003,0,0,0
2293,1.2829,0,0,0,23.4,29.5,0,0,0,35.8639,28.6465,0,0,0
2294,1.2828,0,0,0,23.5,29.6,0,0,0,35.7803,28.7893,0,0,0
2295,1.2827,0,0,0,23.6,29.7,0,0,0,35.6635,28.9286,0,0,0
2296,1.2826,0,0,0,23.8,29.8,0,0,0,35.5173,29.0737,0,0,0
2297,1.2825,0,0,0,23.9,30,0,0,0,35.3491,29.2275,0,0,0
2298,1.2824,0,0,0,24.1,30.1,0,0,0,35.1511,29.3936,0,0,0
2299,1.2823,0,0,0,24.2,30.2,0,0,0,34.95,29.5493,0,0,0
2300,1.2822,0,0,0,24.3,30.3,0,0,0,34.7121,29.7123,0,0,0
2301,1.2821,0,0,0,24.4,30.4,0,0,0,34.4591,29.8726,0,0,0
2302,1.282,0,0,0,24.6,30.5,0,0,0,34.1884,30.0248,0,0,0
2303,1.2818,0,0,0,24.7,30.6,0,0,0,33.8941,30.1605,0,0,0
2304,1.2817,0,0,0,24.9,30.7,0,0,0,33.5865,30.2837,0,0,0
2305,1.2816,0,0,0,25,30.7,0,0,0,33.2704,30.3892,0,0,0
2306,1.2815,0,0,0,25.2,30.8,0,0,0,32.9436,30.4736,0,0,0
2307,1.2814,0,0,0,25.3,30.8,0,0,0,32.6348,30.5288,0,0,0
2308,1.2813,0,0,0,25.5,30.8,0,0,0,32.3172,30.5666,0,0,0
2309,1.2812,0,0,0,25.6,30.7,0,0,0,32.0107,30.5776,0,0,0
2310,1.2811,0,0,0,25.8,30.7,0,0,0,31.7127,30.5749,0,0,0
2311,1.281,0,0,0,25.9,30.7,0,0,0,31.4262,30.5552,0,0,0
2312,1.2809,0,0,0,26.1,30.6,0,0,0,31.1485,30.5249,0,0,0
2313,1.2808,0,0,0,26.2,30.5,0,0,0,30.9106,30.4733,0,0,0
2314,1.2807,0,0,0,26.5,30.5,0,0,0,30.6695,30.4177,0,0,0
2315,1.2806,0,0,0,26.6,30.3,0,0,0,30.4466,30.3587,0,0,0
2316,1.2805,0,0,0,26.8,30.3,0,0,0,30.2351,30.2976,0,0,0
2317,1.2804,0,0,0,27,30.2,0,0,0,30.042,30.2366,0,0,0
2318,1.2803,0,0,0,27.1,30.2,0,0,0,29.8599,30.1814,0,0,0
2319,1.2802,0,0,0,27.3,30,0,0,0,29.7,30.1302,0,0,0
2320,1.2801,0,0,0,27.4,30,0,0,0,29.5615,30.0827,0,0,0
2321,1.2801,0,0,0,27.6,30,0,0,0,29.4347,30.0275,0,0,0
2322,1.28,0,0,0,27.9,29.9,0,0,0,29.2975,29.9876,0,0,0
2323,1.2799,0,0,0,28,29.9,0,0,0,29.1698,29.9485,0,0,0
2324,1.2798,0,0,0,28.2,29.8,0,0,0,29.0514,29.9223,0,0,0
2325,1.2797,0,0,0,28.4,29.8,0,0,0,28.9549,29.9058,0,0,0
2326,1.2796,0,0,0,28.6,29.8,0,0,0,28.8565,29.8979,0,0,0
2327,1.2795,0,0,0,28.7,29.7,0,0,0,28.7715,29.8874,0,0,0
2328,1.2795,0,0,0,29,29.8,0,0,0,28.6825,29.8922,0,0,0
2329,1.2794,0,0,0,29.2,29.8,0,0,0,28.6005,29.9136,0,0,0
2330,1.2793,0,0,0,29.3,29.8,0,0,0,28.5017,29.9515,0,0,0
2331,1.2792,0,0,0,29.5,29.8,0,0,0,28.4295,29.9971,0,0,0
2332,1.2792,0,0,0,29.7,29.9,0,0,0,28.3525,30.0507,0,0,0
2333,1.2791,0,0,0,29.9,29.9,0,0,0,28.2772,30.1073,0,0,0
2334,1.279,0,0,0,30,30,0,0,0,28.2042,30.1693,0,0,0
2335,1.279,0,0,0,30.4,30,0,0,0,28.1438,30.2235,0,0,0
2336,1.2789,0,0,0,30.5,30.1,0,0,0,28.0993,30.2912,0,0,0
2337,1.2788,0,0,0,30.7,30.1,0,0,0,28.0564,30.3563,0,0,0
2338,1.2787,0,0,0,30.9,30.1,0,0,0,28.0081,30.4194,0,0,0
2339,1.2787,0,0,0,31.1,30.2,0,0,0,27.9801,30.4684,0,0,0
2340,1.2786,0,0,0,31.5,30.2,0,0,0,27.9583,30.511,0,0,0
2341,1.2785,0,0,0,31.6,30.2,0,0,0,27.9426,30.5453,0,0,0
2342,1.2785,0,0,0,31.8,30.3,0,0,0,27.9543,30.5802,0,0,0
2343,1.2784,0,0,0,32,30.3,0,0,0,27.9723,30.5957,0,0,0
2344,1.2783,0,0,0,32.2,30.3,0,0,0,27.9656,30.5979,0,0,0
2345,1.2782,0,0,0,32.4,30.3,0,0,0,27.9697,30.5887,0,0,0
2346,1.2782,0,0,0,32.7,30.3,0,0,0,27.9762,30.5631,0,0,0
2347,1.2781,0,0,0,32.9,30.2,0,0,0,28.0007,30.5121,0,0,0
2348,1.278,0,0,0,33.1,30.2,0,0,0,28.0175,30.4603,0,0,0
2349,1.2779,0,0,0,33.3,30.1,0,0,0,28.0281,30.3986,0,0,0
2350,1.2778,0,0,0,33.5,30.1,0,0,0,28.0298,30.3327,0,0,0
2351,1.2777,0,0,0,33.9,30,0,0,0,28.0227,30.2635,0,0,0
2352,1.2777,0,0,0,34,29.9,0,0,0,28.0124,30.2005,0,0,0
2353,1.2776,0,0,0,34.3,29.8,0,0,0,27.9932,30.1197,0,0,0
2354,1.2775,0,0,0,34.5,29.8,0,0,0,27.9615,30.0386,0,0,0
2355,1.2774,0,0,0,34.7,29.8,0,0,0,27.9124,29.9531,0,0,0
2356,1.2773,0,0,0,34.9,29.7,0,0,0,27.8386,29.8724,0,0,0
2357,1.2772,0,0,0,35.3,29.6,0,0,0,27.7462,29.7876,0,0,0
2358,1.2771,0,0,0,35.5,29.5,0,0,0,27.6307,29.7058,0,0,0
2359,1.277,0,0,0,35.7,29.3,0,0,0,27.4948,29.6246,0,0,0
2360,1.2769,0,0,0,35.9,29.3,0,0,0,27.3552,29.5282,0,0,0
2361,1.2768,0,0,0,36.1,29.2,0,0,0,27.1959,29.4269,0,0,0
2362,1.2767,0,0,0,36.6,29.1,0,0,0,27.0079,29.3444,0,0,0
2363,1.2766,0,0,0,36.8,29,0,0,0,26.8044,29.2745,0,0,0
2364,1.2765,0,0,0,37,28.9,0,0,0,26.5842,29.2098,0,0,0
2365,1.2764,0,0,0,37.2,28.8,0,0,0,26.3688,29.1635,0,0,0
2366,1.2763,0,0,0,37.6,28.7,0,0,0,26.1475,29.1276,0,0,0
2367,1.2762,0,0,0,37.8,28.7,0,0,0,25.9113,29.091,0,0,0
2368,1.2761,0,0,0,38,28.7,0,0,0,25.675,29.0592,0,0,0
2369,1.276,0,0,0,38.3,28.7,0,0,0,25.4437,29.042,0,0,0
2370,1.2759,0,0,0,38.5,28.6,0,0,0,25.2024,29.0303,0,0,0
2371,1.2759,0,0,0,38.9,28.5,0,0,0,24.9568,29.0151,0,0,0
2372,1.2758,0,0,0,39.1,28.5,0,0,0,24.7125,28.997,0,0,0
2373,1.2757,0,0,0,39.4,28.5,0,0,0,24.4645,28.9679,0,0,0
2374,1.2756,0,0,0,39.6,28.4,0,0,0,24.2228,28.9236,0,0,0
2375,1.2755,0,0,0,40.1,28.3,0,0,0,23.9955,28.8819,0,0,0
2376,1.2754,0,0,0,40.2,28.2,0,0,0,23.7765,28.8485,0,0,0
2377,1.2753,0,0,0,40.5,28.2,0,0,0,23.579,28.8141,0,0,0
2378,1.2753,0,0,0,40.8,28.2,0,0,0,23.3754,28.7754,0,0,0
2379,1.2752,0,0,0,41,28.1,0,0,0,23.1852,28.7471,0,0,0
2380,1.2751,0,0,0,41.5,28,0,0,0,23.0024,28.7236,0,0,0
2381,1.275,0,0,0,41.7,28,0,0,0,22.8403,28.6974,0,0,0
2382,1.2749,0,0,0,42,28,0,0,0,22.6741,28.6687,0,0,0
2383,1.2749,0,0,0,42.2,27.9,0,0,0,22.513,28.6515,0,0,0
2384,1.2748,0,0,0,42.7,27.9,0,0,0,22.3542,28.63,0,0,0
2385,1.2747,0,0,0,42.9,27.9,0,0,0,22.2139,28.611,0,0,0
2386,1.2746,0,0,0,43.2,27.8,0,0,0,22.0861,28.6002,0,0,0
2387,1.2745,0,0,0,43.4,27.8,0,0,0,21.9569,28.5913,0,0,0
2388,1.2745,0,0,0,43.9,27.8,0,0,0,21.8366,28.592,0,0,0
2389,1.2744,0,0,0,44.1,27.8,0,0,0,21.7304,28.6004,0,0,0
2390,1.2743,0,0,0,44.4,27.8,0,0,0,21.6299,28.6212,0,0,0
2391,1.2743,0,0,0,44.6,27.8,0,0,0,21.5213,28.639,0,0,0
2392,1.2742,0,0,0,45.1,27.8,0,0,0,21.4172,28.6603,0,0,0
2393,1.2741,0,0,0,45.4,27.9,0,0,0,21.31,28.6766,0,0,0
2394,1.2741,0,0,0,45.7,27.9,0,0,0,21.1993,28.6888,0,0,0
2395,1.274,0,0,0,45.9,27.8,0,0,0,21.0921,28.6905,0,0,0
2396,1.274,0,0,0,46.4,27.8,0,0,0,20.978,28.6962,0,0,0
2397,1.2739,0,0,0,46.6,27.8,0,0,0,20.8687,28.6991,0,0,0
2398,1.2739,0,0,0,46.9,27.8,0,0,0,20.7562,28.7076,0,0,0
2399,1.2738,0,0,0,47.1,27.8,0,0,0,20.6576,28.7199,0,0,0
2400,1.2738,0,0,0,47.6,27.8,0,0,0,20.5492,28.7546,0,0,0
